path_to_image_dir,image_size,scale,detection_boxes,box_class,x,y,new_x,new_y,origin,north,rotation,accepted_radius,reference_point,border_area_x,border_area_y,active_zone_x,active_zone_y
/Users/mariograndi/TensorFlow/workspace/yt_tutorial/images/test/20000X_0043.jpeg,"[4091.0, 4095.0]",1.7654,"[0.77554774, 0.4407113, 0.7967025, 0.46598062]",1,0.45334596,0.21387488,0.4165558587640969,0.2414088855685345,"[0.54468993, 0.76785219]","[0.54468993, 0.76785219, 0.41402273, 0.59882019]",-0.6580795808790739,0.093153746626882,"[0.5, 0.2]","[2427.072985004686, 2427.072985004686, 2413.3663308341143, 2358.5397141518274, 2290.006443298969, 2180.353209934395, 2091.2599578256795, 2002.1667057169634, 1906.2201265229614, 1810.2735473289595, 1721.1802952202434, 1632.0870431115277, 1570.407099343955, 1522.433809746954, 1515.5804826616682, 1549.8471180880974, 1611.5270618556701, 1673.2070056232424, 1762.3002577319585, 1865.1001640112463, 1947.3400890346766, 2043.2866682286785, 2139.2332474226805, 2235.179826616682, 2331.126405810684, 2392.8063495782567]","[2760.5684161199624, 2856.5149953139644, 2952.4615745079664, 3034.7014995313966, 3103.234770384255, 3164.914714151828, 3199.181349578257, 3240.3013120899723, 3260.8612933458294, 3267.7146204311152, 3233.4479850046864, 3199.181349578257, 3123.7947516401127, 3041.5548266166825, 2945.6082474226805, 2856.5149953139644, 2781.12839737582, 2705.7417994376756, 2671.4751640112463, 2596.0885660731024, 2548.1152764761014, 2520.701968134958, 2493.2886597938145, 2493.2886597938145, 2520.701968134958, 2596.0885660731024]","[2427.072985004686, 2413.3663308341143, 2358.5397141518274, 2290.006443298969, 2228.326499531396, 2180.353209934395, 2091.2599578256795, 2002.1667057169634, 1906.2201265229614]","[2856.5149953139644, 2952.4615745079664, 3034.7014995313966, 3103.234770384255, 3144.3547328959703, 3164.914714151828, 3199.181349578257, 3240.3013120899723, 3260.8612933458294]"
/Users/mariograndi/TensorFlow/workspace/yt_tutorial/images/test/20000X_0043.jpeg,"[4091.0, 4095.0]",1.7654,"[0.7565672, 0.468043, 0.7800724, 0.4916059]",1,0.4798244499999999,0.2316802,0.4483945073362562,0.2393016812402749,"[0.54468993, 0.76785219]","[0.54468993, 0.76785219, 0.41402273, 0.59882019]",-0.6580795808790739,0.064867164431474,"[0.5, 0.2]","[2427.072985004686, 2427.072985004686, 2413.3663308341143, 2358.5397141518274, 2290.006443298969, 2180.353209934395, 2091.2599578256795, 2002.1667057169634, 1906.2201265229614, 1810.2735473289595, 1721.1802952202434, 1632.0870431115277, 1570.407099343955, 1522.433809746954, 1515.5804826616682, 1549.8471180880974, 1611.5270618556701, 1673.2070056232424, 1762.3002577319585, 1865.1001640112463, 1947.3400890346766, 2043.2866682286785, 2139.2332474226805, 2235.179826616682, 2331.126405810684, 2392.8063495782567]","[2760.5684161199624, 2856.5149953139644, 2952.4615745079664, 3034.7014995313966, 3103.234770384255, 3164.914714151828, 3199.181349578257, 3240.3013120899723, 3260.8612933458294, 3267.7146204311152, 3233.4479850046864, 3199.181349578257, 3123.7947516401127, 3041.5548266166825, 2945.6082474226805, 2856.5149953139644, 2781.12839737582, 2705.7417994376756, 2671.4751640112463, 2596.0885660731024, 2548.1152764761014, 2520.701968134958, 2493.2886597938145, 2493.2886597938145, 2520.701968134958, 2596.0885660731024]","[2427.072985004686, 2413.3663308341143, 2358.5397141518274, 2290.006443298969, 2228.326499531396, 2180.353209934395, 2091.2599578256795, 2002.1667057169634, 1906.2201265229614]","[2856.5149953139644, 2952.4615745079664, 3034.7014995313966, 3103.234770384255, 3144.3547328959703, 3164.914714151828, 3199.181349578257, 3240.3013120899723, 3260.8612933458294]"
/Users/mariograndi/TensorFlow/workspace/yt_tutorial/images/test/20000X_0043.jpeg,"[4091.0, 4095.0]",1.7654,"[0.6995727, 0.55803496, 0.7210711, 0.58123845]",1,0.569636705,0.2896780999999999,0.5549225436396275,0.2302587263060372,"[0.54468993, 0.76785219]","[0.54468993, 0.76785219, 0.41402273, 0.59882019]",-0.6580795808790739,0.0627062701610488,"[0.5, 0.2]","[2427.072985004686, 2427.072985004686, 2413.3663308341143, 2358.5397141518274, 2290.006443298969, 2180.353209934395, 2091.2599578256795, 2002.1667057169634, 1906.2201265229614, 1810.2735473289595, 1721.1802952202434, 1632.0870431115277, 1570.407099343955, 1522.433809746954, 1515.5804826616682, 1549.8471180880974, 1611.5270618556701, 1673.2070056232424, 1762.3002577319585, 1865.1001640112463, 1947.3400890346766, 2043.2866682286785, 2139.2332474226805, 2235.179826616682, 2331.126405810684, 2392.8063495782567]","[2760.5684161199624, 2856.5149953139644, 2952.4615745079664, 3034.7014995313966, 3103.234770384255, 3164.914714151828, 3199.181349578257, 3240.3013120899723, 3260.8612933458294, 3267.7146204311152, 3233.4479850046864, 3199.181349578257, 3123.7947516401127, 3041.5548266166825, 2945.6082474226805, 2856.5149953139644, 2781.12839737582, 2705.7417994376756, 2671.4751640112463, 2596.0885660731024, 2548.1152764761014, 2520.701968134958, 2493.2886597938145, 2493.2886597938145, 2520.701968134958, 2596.0885660731024]","[2427.072985004686, 2413.3663308341143, 2358.5397141518274, 2290.006443298969, 2228.326499531396, 2180.353209934395, 2091.2599578256795, 2002.1667057169634, 1906.2201265229614]","[2856.5149953139644, 2952.4615745079664, 3034.7014995313966, 3103.234770384255, 3144.3547328959703, 3164.914714151828, 3199.181349578257, 3240.3013120899723, 3260.8612933458294]"
/Users/mariograndi/TensorFlow/workspace/yt_tutorial/images/test/20000X_0043.jpeg,"[4091.0, 4095.0]",1.7654,"[0.7373849, 0.5131228, 0.7573308, 0.53410876]",1,0.52361578,0.25264215,0.4958611151419297,0.2291033934235004,"[0.54468993, 0.76785219]","[0.54468993, 0.76785219, 0.41402273, 0.59882019]",-0.6580795808790739,0.0293962221489668,"[0.5, 0.2]","[2427.072985004686, 2427.072985004686, 2413.3663308341143, 2358.5397141518274, 2290.006443298969, 2180.353209934395, 2091.2599578256795, 2002.1667057169634, 1906.2201265229614, 1810.2735473289595, 1721.1802952202434, 1632.0870431115277, 1570.407099343955, 1522.433809746954, 1515.5804826616682, 1549.8471180880974, 1611.5270618556701, 1673.2070056232424, 1762.3002577319585, 1865.1001640112463, 1947.3400890346766, 2043.2866682286785, 2139.2332474226805, 2235.179826616682, 2331.126405810684, 2392.8063495782567]","[2760.5684161199624, 2856.5149953139644, 2952.4615745079664, 3034.7014995313966, 3103.234770384255, 3164.914714151828, 3199.181349578257, 3240.3013120899723, 3260.8612933458294, 3267.7146204311152, 3233.4479850046864, 3199.181349578257, 3123.7947516401127, 3041.5548266166825, 2945.6082474226805, 2856.5149953139644, 2781.12839737582, 2705.7417994376756, 2671.4751640112463, 2596.0885660731024, 2548.1152764761014, 2520.701968134958, 2493.2886597938145, 2493.2886597938145, 2520.701968134958, 2596.0885660731024]","[2427.072985004686, 2413.3663308341143, 2358.5397141518274, 2290.006443298969, 2228.326499531396, 2180.353209934395, 2091.2599578256795, 2002.1667057169634, 1906.2201265229614]","[2856.5149953139644, 2952.4615745079664, 3034.7014995313966, 3103.234770384255, 3144.3547328959703, 3164.914714151828, 3199.181349578257, 3240.3013120899723, 3260.8612933458294]"
/Users/mariograndi/TensorFlow/workspace/yt_tutorial/images/test/20000X_0043.jpeg,"[4091.0, 4095.0]",1.7654,"[0.60804766, 0.43059686, 0.62324876, 0.44369784]",1,0.43714735,0.3843517899999999,0.5080034739324403,0.3861918455089321,"[0.54468993, 0.76785219]","[0.54468993, 0.76785219, 0.41402273, 0.59882019]",-0.6580795808790739,0.1863637811620307,"[0.5, 0.2]","[2427.072985004686, 2427.072985004686, 2413.3663308341143, 2358.5397141518274, 2290.006443298969, 2180.353209934395, 2091.2599578256795, 2002.1667057169634, 1906.2201265229614, 1810.2735473289595, 1721.1802952202434, 1632.0870431115277, 1570.407099343955, 1522.433809746954, 1515.5804826616682, 1549.8471180880974, 1611.5270618556701, 1673.2070056232424, 1762.3002577319585, 1865.1001640112463, 1947.3400890346766, 2043.2866682286785, 2139.2332474226805, 2235.179826616682, 2331.126405810684, 2392.8063495782567]","[2760.5684161199624, 2856.5149953139644, 2952.4615745079664, 3034.7014995313966, 3103.234770384255, 3164.914714151828, 3199.181349578257, 3240.3013120899723, 3260.8612933458294, 3267.7146204311152, 3233.4479850046864, 3199.181349578257, 3123.7947516401127, 3041.5548266166825, 2945.6082474226805, 2856.5149953139644, 2781.12839737582, 2705.7417994376756, 2671.4751640112463, 2596.0885660731024, 2548.1152764761014, 2520.701968134958, 2493.2886597938145, 2493.2886597938145, 2520.701968134958, 2596.0885660731024]","[2427.072985004686, 2413.3663308341143, 2358.5397141518274, 2290.006443298969, 2228.326499531396, 2180.353209934395, 2091.2599578256795, 2002.1667057169634, 1906.2201265229614]","[2856.5149953139644, 2952.4615745079664, 3034.7014995313966, 3103.234770384255, 3144.3547328959703, 3164.914714151828, 3199.181349578257, 3240.3013120899723, 3260.8612933458294]"
/Users/mariograndi/TensorFlow/workspace/yt_tutorial/images/test/663 20m_100kV_20kX_0017.jpg,"[4096.0, 4096.0]",1.7654,"[0.37883192, 0.3633058, 0.39980882, 0.38526374]",1,0.37428477,0.61067963,0.5003940087347132,0.2485335351178797,"[0.35218413, 0.34610902]","[0.35218413, 0.34610902, 0.45259918, 0.5385712]",2.660705373394457,0.0485351344277678,"[0.5, 0.2]","[894.1461373677869, 928.4211407149551, 976.4061454009907, 1024.3911500870263, 1099.7961574507967, 1182.0561654840003, 1271.171174186638, 1367.1411835587091, 1497.3861962779488, 1593.35620565002, 1689.3262150220912, 1785.2962243941624, 1881.2662337662337, 1977.2362431383049, 2066.3512518409425, 2134.9012585352793, 2169.1762618824473, 2155.46626054358, 2121.1912571964117, 2073.206252510376, 2018.366247154907, 1942.9612397911364, 1771.5862230552952, 1675.616213683224, 1579.6462043111528, 1497.3861962779488, 1415.1261882447448, 1319.1561788726735, 1223.1861695006023, 1127.216160128531, 1044.9561520953275, 1038.1011514258935, 1038.1011514258935, 969.5511447315571]","[1849.5275806667555, 1760.412571964118, 1678.1525639309143, 1595.8925558977103, 1534.1975498728075, 1486.2125451867719, 1451.9375418396035, 1424.5175391618686, 1417.662538492435, 1431.3725398313022, 1451.9375418396035, 1479.3575445173383, 1499.922546525639, 1520.4875485339398, 1554.7625518811083, 1630.1675592448787, 1719.2825679475163, 1815.2525773195875, 1904.3675860222247, 1986.6275940554287, 2068.887602088633, 2130.5826081135356, 2158.0026107912704, 2158.0026107912704, 2171.7126121301376, 2219.697616816173, 2274.5376221716424, 2301.957624849377, 2281.392622841076, 2274.5376221716424, 2219.697616816173, 2123.727607444102, 2027.7575980720308, 1959.2075913776944]","[976.4061454009907, 1024.3911500870263, 1099.7961574507967, 1182.0561654840003, 1271.171174186638, 1367.1411835587091, 1442.5461909224796, 1497.3861962779488, 1593.35620565002, 1689.3262150220912]","[1678.1525639309143, 1595.8925558977103, 1534.1975498728075, 1486.2125451867719, 1451.9375418396035, 1424.5175391618686, 1417.662538492435, 1417.662538492435, 1431.3725398313022, 1451.9375418396035]"
/Users/mariograndi/TensorFlow/workspace/yt_tutorial/images/test/663 20m_100kV_20kX_0017.jpg,"[4096.0, 4096.0]",1.7654,"[0.44328445, 0.37418428, 0.46524328, 0.39796308]",1,0.38607368,0.5457361350000001,0.5199827929188728,0.3115646026638886,"[0.35218413, 0.34610902]","[0.35218413, 0.34610902, 0.45259918, 0.5385712]",2.660705373394457,0.1133400749090537,"[0.5, 0.2]","[894.1461373677869, 928.4211407149551, 976.4061454009907, 1024.3911500870263, 1099.7961574507967, 1182.0561654840003, 1271.171174186638, 1367.1411835587091, 1497.3861962779488, 1593.35620565002, 1689.3262150220912, 1785.2962243941624, 1881.2662337662337, 1977.2362431383049, 2066.3512518409425, 2134.9012585352793, 2169.1762618824473, 2155.46626054358, 2121.1912571964117, 2073.206252510376, 2018.366247154907, 1942.9612397911364, 1771.5862230552952, 1675.616213683224, 1579.6462043111528, 1497.3861962779488, 1415.1261882447448, 1319.1561788726735, 1223.1861695006023, 1127.216160128531, 1044.9561520953275, 1038.1011514258935, 1038.1011514258935, 969.5511447315571]","[1849.5275806667555, 1760.412571964118, 1678.1525639309143, 1595.8925558977103, 1534.1975498728075, 1486.2125451867719, 1451.9375418396035, 1424.5175391618686, 1417.662538492435, 1431.3725398313022, 1451.9375418396035, 1479.3575445173383, 1499.922546525639, 1520.4875485339398, 1554.7625518811083, 1630.1675592448787, 1719.2825679475163, 1815.2525773195875, 1904.3675860222247, 1986.6275940554287, 2068.887602088633, 2130.5826081135356, 2158.0026107912704, 2158.0026107912704, 2171.7126121301376, 2219.697616816173, 2274.5376221716424, 2301.957624849377, 2281.392622841076, 2274.5376221716424, 2219.697616816173, 2123.727607444102, 2027.7575980720308, 1959.2075913776944]","[976.4061454009907, 1024.3911500870263, 1099.7961574507967, 1182.0561654840003, 1271.171174186638, 1367.1411835587091, 1442.5461909224796, 1497.3861962779488, 1593.35620565002, 1689.3262150220912]","[1678.1525639309143, 1595.8925558977103, 1534.1975498728075, 1486.2125451867719, 1451.9375418396035, 1424.5175391618686, 1417.662538492435, 1417.662538492435, 1431.3725398313022, 1451.9375418396035]"
/Users/mariograndi/TensorFlow/workspace/yt_tutorial/images/test/663 20m_100kV_20kX_0017.jpg,"[4096.0, 4096.0]",1.7654,"[0.422567, 0.3804543, 0.4443468, 0.39966655]",1,0.390060425,0.5665431,0.5068236105048539,0.2949615955145551,"[0.35218413, 0.34610902]","[0.35218413, 0.34610902, 0.45259918, 0.5385712]",2.660705373394457,0.0952064403440855,"[0.5, 0.2]","[894.1461373677869, 928.4211407149551, 976.4061454009907, 1024.3911500870263, 1099.7961574507967, 1182.0561654840003, 1271.171174186638, 1367.1411835587091, 1497.3861962779488, 1593.35620565002, 1689.3262150220912, 1785.2962243941624, 1881.2662337662337, 1977.2362431383049, 2066.3512518409425, 2134.9012585352793, 2169.1762618824473, 2155.46626054358, 2121.1912571964117, 2073.206252510376, 2018.366247154907, 1942.9612397911364, 1771.5862230552952, 1675.616213683224, 1579.6462043111528, 1497.3861962779488, 1415.1261882447448, 1319.1561788726735, 1223.1861695006023, 1127.216160128531, 1044.9561520953275, 1038.1011514258935, 1038.1011514258935, 969.5511447315571]","[1849.5275806667555, 1760.412571964118, 1678.1525639309143, 1595.8925558977103, 1534.1975498728075, 1486.2125451867719, 1451.9375418396035, 1424.5175391618686, 1417.662538492435, 1431.3725398313022, 1451.9375418396035, 1479.3575445173383, 1499.922546525639, 1520.4875485339398, 1554.7625518811083, 1630.1675592448787, 1719.2825679475163, 1815.2525773195875, 1904.3675860222247, 1986.6275940554287, 2068.887602088633, 2130.5826081135356, 2158.0026107912704, 2158.0026107912704, 2171.7126121301376, 2219.697616816173, 2274.5376221716424, 2301.957624849377, 2281.392622841076, 2274.5376221716424, 2219.697616816173, 2123.727607444102, 2027.7575980720308, 1959.2075913776944]","[976.4061454009907, 1024.3911500870263, 1099.7961574507967, 1182.0561654840003, 1271.171174186638, 1367.1411835587091, 1442.5461909224796, 1497.3861962779488, 1593.35620565002, 1689.3262150220912]","[1678.1525639309143, 1595.8925558977103, 1534.1975498728075, 1486.2125451867719, 1451.9375418396035, 1424.5175391618686, 1417.662538492435, 1417.662538492435, 1431.3725398313022, 1451.9375418396035]"
/Users/mariograndi/TensorFlow/workspace/yt_tutorial/images/test/663 20m_100kV_20kX_0017.jpg,"[4096.0, 4096.0]",1.7654,"[0.46460265, 0.35146448, 0.48493505, 0.3741077]",1,0.36278609,0.52523115,0.5501141263453784,0.3189719641238878,"[0.35218413, 0.34610902]","[0.35218413, 0.34610902, 0.45259918, 0.5385712]",2.660705373394457,0.1290959097216336,"[0.5, 0.2]","[894.1461373677869, 928.4211407149551, 976.4061454009907, 1024.3911500870263, 1099.7961574507967, 1182.0561654840003, 1271.171174186638, 1367.1411835587091, 1497.3861962779488, 1593.35620565002, 1689.3262150220912, 1785.2962243941624, 1881.2662337662337, 1977.2362431383049, 2066.3512518409425, 2134.9012585352793, 2169.1762618824473, 2155.46626054358, 2121.1912571964117, 2073.206252510376, 2018.366247154907, 1942.9612397911364, 1771.5862230552952, 1675.616213683224, 1579.6462043111528, 1497.3861962779488, 1415.1261882447448, 1319.1561788726735, 1223.1861695006023, 1127.216160128531, 1044.9561520953275, 1038.1011514258935, 1038.1011514258935, 969.5511447315571]","[1849.5275806667555, 1760.412571964118, 1678.1525639309143, 1595.8925558977103, 1534.1975498728075, 1486.2125451867719, 1451.9375418396035, 1424.5175391618686, 1417.662538492435, 1431.3725398313022, 1451.9375418396035, 1479.3575445173383, 1499.922546525639, 1520.4875485339398, 1554.7625518811083, 1630.1675592448787, 1719.2825679475163, 1815.2525773195875, 1904.3675860222247, 1986.6275940554287, 2068.887602088633, 2130.5826081135356, 2158.0026107912704, 2158.0026107912704, 2171.7126121301376, 2219.697616816173, 2274.5376221716424, 2301.957624849377, 2281.392622841076, 2274.5376221716424, 2219.697616816173, 2123.727607444102, 2027.7575980720308, 1959.2075913776944]","[976.4061454009907, 1024.3911500870263, 1099.7961574507967, 1182.0561654840003, 1271.171174186638, 1367.1411835587091, 1442.5461909224796, 1497.3861962779488, 1593.35620565002, 1689.3262150220912]","[1678.1525639309143, 1595.8925558977103, 1534.1975498728075, 1486.2125451867719, 1451.9375418396035, 1424.5175391618686, 1417.662538492435, 1417.662538492435, 1431.3725398313022, 1451.9375418396035]"
/Users/mariograndi/TensorFlow/workspace/yt_tutorial/images/test/663 20m_100kV_20kX_0017.jpg,"[4096.0, 4096.0]",1.7654,"[0.41541338, 0.41808146, 0.43576008, 0.43781918]",1,0.42795032,0.57441327,0.4695905306661428,0.3055105994800526,"[0.35218413, 0.34610902]","[0.35218413, 0.34610902, 0.45259918, 0.5385712]",2.660705373394457,0.1098053843297626,"[0.5, 0.2]","[894.1461373677869, 928.4211407149551, 976.4061454009907, 1024.3911500870263, 1099.7961574507967, 1182.0561654840003, 1271.171174186638, 1367.1411835587091, 1497.3861962779488, 1593.35620565002, 1689.3262150220912, 1785.2962243941624, 1881.2662337662337, 1977.2362431383049, 2066.3512518409425, 2134.9012585352793, 2169.1762618824473, 2155.46626054358, 2121.1912571964117, 2073.206252510376, 2018.366247154907, 1942.9612397911364, 1771.5862230552952, 1675.616213683224, 1579.6462043111528, 1497.3861962779488, 1415.1261882447448, 1319.1561788726735, 1223.1861695006023, 1127.216160128531, 1044.9561520953275, 1038.1011514258935, 1038.1011514258935, 969.5511447315571]","[1849.5275806667555, 1760.412571964118, 1678.1525639309143, 1595.8925558977103, 1534.1975498728075, 1486.2125451867719, 1451.9375418396035, 1424.5175391618686, 1417.662538492435, 1431.3725398313022, 1451.9375418396035, 1479.3575445173383, 1499.922546525639, 1520.4875485339398, 1554.7625518811083, 1630.1675592448787, 1719.2825679475163, 1815.2525773195875, 1904.3675860222247, 1986.6275940554287, 2068.887602088633, 2130.5826081135356, 2158.0026107912704, 2158.0026107912704, 2171.7126121301376, 2219.697616816173, 2274.5376221716424, 2301.957624849377, 2281.392622841076, 2274.5376221716424, 2219.697616816173, 2123.727607444102, 2027.7575980720308, 1959.2075913776944]","[976.4061454009907, 1024.3911500870263, 1099.7961574507967, 1182.0561654840003, 1271.171174186638, 1367.1411835587091, 1442.5461909224796, 1497.3861962779488, 1593.35620565002, 1689.3262150220912]","[1678.1525639309143, 1595.8925558977103, 1534.1975498728075, 1486.2125451867719, 1451.9375418396035, 1424.5175391618686, 1417.662538492435, 1417.662538492435, 1431.3725398313022, 1451.9375418396035]"
/Users/mariograndi/TensorFlow/workspace/yt_tutorial/images/test/663 20m_100kV_20kX_0017.jpg,"[4096.0, 4096.0]",1.7654,"[0.46455765, 0.42299363, 0.48793852, 0.45028892]",1,0.436641275,0.5237519150000001,0.4853194823405456,0.3544463294579771,"[0.35218413, 0.34610902]","[0.35218413, 0.34610902, 0.45259918, 0.5385712]",2.660705373394457,0.15514247091558,"[0.5, 0.2]","[894.1461373677869, 928.4211407149551, 976.4061454009907, 1024.3911500870263, 1099.7961574507967, 1182.0561654840003, 1271.171174186638, 1367.1411835587091, 1497.3861962779488, 1593.35620565002, 1689.3262150220912, 1785.2962243941624, 1881.2662337662337, 1977.2362431383049, 2066.3512518409425, 2134.9012585352793, 2169.1762618824473, 2155.46626054358, 2121.1912571964117, 2073.206252510376, 2018.366247154907, 1942.9612397911364, 1771.5862230552952, 1675.616213683224, 1579.6462043111528, 1497.3861962779488, 1415.1261882447448, 1319.1561788726735, 1223.1861695006023, 1127.216160128531, 1044.9561520953275, 1038.1011514258935, 1038.1011514258935, 969.5511447315571]","[1849.5275806667555, 1760.412571964118, 1678.1525639309143, 1595.8925558977103, 1534.1975498728075, 1486.2125451867719, 1451.9375418396035, 1424.5175391618686, 1417.662538492435, 1431.3725398313022, 1451.9375418396035, 1479.3575445173383, 1499.922546525639, 1520.4875485339398, 1554.7625518811083, 1630.1675592448787, 1719.2825679475163, 1815.2525773195875, 1904.3675860222247, 1986.6275940554287, 2068.887602088633, 2130.5826081135356, 2158.0026107912704, 2158.0026107912704, 2171.7126121301376, 2219.697616816173, 2274.5376221716424, 2301.957624849377, 2281.392622841076, 2274.5376221716424, 2219.697616816173, 2123.727607444102, 2027.7575980720308, 1959.2075913776944]","[976.4061454009907, 1024.3911500870263, 1099.7961574507967, 1182.0561654840003, 1271.171174186638, 1367.1411835587091, 1442.5461909224796, 1497.3861962779488, 1593.35620565002, 1689.3262150220912]","[1678.1525639309143, 1595.8925558977103, 1534.1975498728075, 1486.2125451867719, 1451.9375418396035, 1424.5175391618686, 1417.662538492435, 1417.662538492435, 1431.3725398313022, 1451.9375418396035]"
/Users/mariograndi/TensorFlow/workspace/yt_tutorial/images/test/663 20m_100kV_20kX_0017.jpg,"[4096.0, 4096.0]",1.7654,"[0.48211923, 0.3623762, 0.5063906, 0.38717288]",1,0.37477454,0.505745085,0.5484989395196157,0.3417934635072456,"[0.35218413, 0.34610902]","[0.35218413, 0.34610902, 0.45259918, 0.5385712]",2.660705373394457,0.1498583779036326,"[0.5, 0.2]","[894.1461373677869, 928.4211407149551, 976.4061454009907, 1024.3911500870263, 1099.7961574507967, 1182.0561654840003, 1271.171174186638, 1367.1411835587091, 1497.3861962779488, 1593.35620565002, 1689.3262150220912, 1785.2962243941624, 1881.2662337662337, 1977.2362431383049, 2066.3512518409425, 2134.9012585352793, 2169.1762618824473, 2155.46626054358, 2121.1912571964117, 2073.206252510376, 2018.366247154907, 1942.9612397911364, 1771.5862230552952, 1675.616213683224, 1579.6462043111528, 1497.3861962779488, 1415.1261882447448, 1319.1561788726735, 1223.1861695006023, 1127.216160128531, 1044.9561520953275, 1038.1011514258935, 1038.1011514258935, 969.5511447315571]","[1849.5275806667555, 1760.412571964118, 1678.1525639309143, 1595.8925558977103, 1534.1975498728075, 1486.2125451867719, 1451.9375418396035, 1424.5175391618686, 1417.662538492435, 1431.3725398313022, 1451.9375418396035, 1479.3575445173383, 1499.922546525639, 1520.4875485339398, 1554.7625518811083, 1630.1675592448787, 1719.2825679475163, 1815.2525773195875, 1904.3675860222247, 1986.6275940554287, 2068.887602088633, 2130.5826081135356, 2158.0026107912704, 2158.0026107912704, 2171.7126121301376, 2219.697616816173, 2274.5376221716424, 2301.957624849377, 2281.392622841076, 2274.5376221716424, 2219.697616816173, 2123.727607444102, 2027.7575980720308, 1959.2075913776944]","[976.4061454009907, 1024.3911500870263, 1099.7961574507967, 1182.0561654840003, 1271.171174186638, 1367.1411835587091, 1442.5461909224796, 1497.3861962779488, 1593.35620565002, 1689.3262150220912]","[1678.1525639309143, 1595.8925558977103, 1534.1975498728075, 1486.2125451867719, 1451.9375418396035, 1424.5175391618686, 1417.662538492435, 1417.662538492435, 1431.3725398313022, 1451.9375418396035]"
/Users/mariograndi/TensorFlow/workspace/yt_tutorial/images/test/663 20m_100kV_20kX_0017.jpg,"[4096.0, 4096.0]",1.7654,"[0.4737925, 0.45210543, 0.49409056, 0.47034982]",1,0.461227625,0.5160584699999999,0.4670803231394035,0.3726400309484907,"[0.35218413, 0.34610902]","[0.35218413, 0.34610902, 0.45259918, 0.5385712]",2.660705373394457,0.1757506341681358,"[0.5, 0.2]","[894.1461373677869, 928.4211407149551, 976.4061454009907, 1024.3911500870263, 1099.7961574507967, 1182.0561654840003, 1271.171174186638, 1367.1411835587091, 1497.3861962779488, 1593.35620565002, 1689.3262150220912, 1785.2962243941624, 1881.2662337662337, 1977.2362431383049, 2066.3512518409425, 2134.9012585352793, 2169.1762618824473, 2155.46626054358, 2121.1912571964117, 2073.206252510376, 2018.366247154907, 1942.9612397911364, 1771.5862230552952, 1675.616213683224, 1579.6462043111528, 1497.3861962779488, 1415.1261882447448, 1319.1561788726735, 1223.1861695006023, 1127.216160128531, 1044.9561520953275, 1038.1011514258935, 1038.1011514258935, 969.5511447315571]","[1849.5275806667555, 1760.412571964118, 1678.1525639309143, 1595.8925558977103, 1534.1975498728075, 1486.2125451867719, 1451.9375418396035, 1424.5175391618686, 1417.662538492435, 1431.3725398313022, 1451.9375418396035, 1479.3575445173383, 1499.922546525639, 1520.4875485339398, 1554.7625518811083, 1630.1675592448787, 1719.2825679475163, 1815.2525773195875, 1904.3675860222247, 1986.6275940554287, 2068.887602088633, 2130.5826081135356, 2158.0026107912704, 2158.0026107912704, 2171.7126121301376, 2219.697616816173, 2274.5376221716424, 2301.957624849377, 2281.392622841076, 2274.5376221716424, 2219.697616816173, 2123.727607444102, 2027.7575980720308, 1959.2075913776944]","[976.4061454009907, 1024.3911500870263, 1099.7961574507967, 1182.0561654840003, 1271.171174186638, 1367.1411835587091, 1442.5461909224796, 1497.3861962779488, 1593.35620565002, 1689.3262150220912]","[1678.1525639309143, 1595.8925558977103, 1534.1975498728075, 1486.2125451867719, 1451.9375418396035, 1424.5175391618686, 1417.662538492435, 1417.662538492435, 1431.3725398313022, 1451.9375418396035]"
/Users/mariograndi/TensorFlow/workspace/yt_tutorial/images/test/663 20m_100kV_20kX_0017.jpg,"[4096.0, 4096.0]",1.7654,"[0.49981216, 0.3790503, 0.52058214, 0.40312558]",1,0.39108794,0.48980285,0.5414100622719238,0.3634736317658728,"[0.35218413, 0.34610902]","[0.35218413, 0.34610902, 0.45259918, 0.5385712]",2.660705373394457,0.168636951882109,"[0.5, 0.2]","[894.1461373677869, 928.4211407149551, 976.4061454009907, 1024.3911500870263, 1099.7961574507967, 1182.0561654840003, 1271.171174186638, 1367.1411835587091, 1497.3861962779488, 1593.35620565002, 1689.3262150220912, 1785.2962243941624, 1881.2662337662337, 1977.2362431383049, 2066.3512518409425, 2134.9012585352793, 2169.1762618824473, 2155.46626054358, 2121.1912571964117, 2073.206252510376, 2018.366247154907, 1942.9612397911364, 1771.5862230552952, 1675.616213683224, 1579.6462043111528, 1497.3861962779488, 1415.1261882447448, 1319.1561788726735, 1223.1861695006023, 1127.216160128531, 1044.9561520953275, 1038.1011514258935, 1038.1011514258935, 969.5511447315571]","[1849.5275806667555, 1760.412571964118, 1678.1525639309143, 1595.8925558977103, 1534.1975498728075, 1486.2125451867719, 1451.9375418396035, 1424.5175391618686, 1417.662538492435, 1431.3725398313022, 1451.9375418396035, 1479.3575445173383, 1499.922546525639, 1520.4875485339398, 1554.7625518811083, 1630.1675592448787, 1719.2825679475163, 1815.2525773195875, 1904.3675860222247, 1986.6275940554287, 2068.887602088633, 2130.5826081135356, 2158.0026107912704, 2158.0026107912704, 2171.7126121301376, 2219.697616816173, 2274.5376221716424, 2301.957624849377, 2281.392622841076, 2274.5376221716424, 2219.697616816173, 2123.727607444102, 2027.7575980720308, 1959.2075913776944]","[976.4061454009907, 1024.3911500870263, 1099.7961574507967, 1182.0561654840003, 1271.171174186638, 1367.1411835587091, 1442.5461909224796, 1497.3861962779488, 1593.35620565002, 1689.3262150220912]","[1678.1525639309143, 1595.8925558977103, 1534.1975498728075, 1486.2125451867719, 1451.9375418396035, 1424.5175391618686, 1417.662538492435, 1417.662538492435, 1431.3725398313022, 1451.9375418396035]"
/Users/mariograndi/TensorFlow/workspace/yt_tutorial/images/test/663 20m_100kV_20kX_0017.jpg,"[4096.0, 4096.0]",1.7654,"[0.38918456, 0.39642075, 0.41160372, 0.41853258]",1,0.407476665,0.59960586,0.4760889271801574,0.2737048141145917,"[0.35218413, 0.34610902]","[0.35218413, 0.34610902, 0.45259918, 0.5385712]",2.660705373394457,0.0774863796228881,"[0.5, 0.2]","[894.1461373677869, 928.4211407149551, 976.4061454009907, 1024.3911500870263, 1099.7961574507967, 1182.0561654840003, 1271.171174186638, 1367.1411835587091, 1497.3861962779488, 1593.35620565002, 1689.3262150220912, 1785.2962243941624, 1881.2662337662337, 1977.2362431383049, 2066.3512518409425, 2134.9012585352793, 2169.1762618824473, 2155.46626054358, 2121.1912571964117, 2073.206252510376, 2018.366247154907, 1942.9612397911364, 1771.5862230552952, 1675.616213683224, 1579.6462043111528, 1497.3861962779488, 1415.1261882447448, 1319.1561788726735, 1223.1861695006023, 1127.216160128531, 1044.9561520953275, 1038.1011514258935, 1038.1011514258935, 969.5511447315571]","[1849.5275806667555, 1760.412571964118, 1678.1525639309143, 1595.8925558977103, 1534.1975498728075, 1486.2125451867719, 1451.9375418396035, 1424.5175391618686, 1417.662538492435, 1431.3725398313022, 1451.9375418396035, 1479.3575445173383, 1499.922546525639, 1520.4875485339398, 1554.7625518811083, 1630.1675592448787, 1719.2825679475163, 1815.2525773195875, 1904.3675860222247, 1986.6275940554287, 2068.887602088633, 2130.5826081135356, 2158.0026107912704, 2158.0026107912704, 2171.7126121301376, 2219.697616816173, 2274.5376221716424, 2301.957624849377, 2281.392622841076, 2274.5376221716424, 2219.697616816173, 2123.727607444102, 2027.7575980720308, 1959.2075913776944]","[976.4061454009907, 1024.3911500870263, 1099.7961574507967, 1182.0561654840003, 1271.171174186638, 1367.1411835587091, 1442.5461909224796, 1497.3861962779488, 1593.35620565002, 1689.3262150220912]","[1678.1525639309143, 1595.8925558977103, 1534.1975498728075, 1486.2125451867719, 1451.9375418396035, 1424.5175391618686, 1417.662538492435, 1417.662538492435, 1431.3725398313022, 1451.9375418396035]"
/Users/mariograndi/TensorFlow/workspace/yt_tutorial/images/test/663 20m_100kV_20kX_0017.jpg,"[4096.0, 4096.0]",1.7654,"[0.48174292, 0.39714125, 0.49999952, 0.4153389]",1,0.406240075,0.50912878,0.5190368907281031,0.3533484176696723,"[0.35218413, 0.34610902]","[0.35218413, 0.34610902, 0.45259918, 0.5385712]",2.660705373394457,0.1545255331988406,"[0.5, 0.2]","[894.1461373677869, 928.4211407149551, 976.4061454009907, 1024.3911500870263, 1099.7961574507967, 1182.0561654840003, 1271.171174186638, 1367.1411835587091, 1497.3861962779488, 1593.35620565002, 1689.3262150220912, 1785.2962243941624, 1881.2662337662337, 1977.2362431383049, 2066.3512518409425, 2134.9012585352793, 2169.1762618824473, 2155.46626054358, 2121.1912571964117, 2073.206252510376, 2018.366247154907, 1942.9612397911364, 1771.5862230552952, 1675.616213683224, 1579.6462043111528, 1497.3861962779488, 1415.1261882447448, 1319.1561788726735, 1223.1861695006023, 1127.216160128531, 1044.9561520953275, 1038.1011514258935, 1038.1011514258935, 969.5511447315571]","[1849.5275806667555, 1760.412571964118, 1678.1525639309143, 1595.8925558977103, 1534.1975498728075, 1486.2125451867719, 1451.9375418396035, 1424.5175391618686, 1417.662538492435, 1431.3725398313022, 1451.9375418396035, 1479.3575445173383, 1499.922546525639, 1520.4875485339398, 1554.7625518811083, 1630.1675592448787, 1719.2825679475163, 1815.2525773195875, 1904.3675860222247, 1986.6275940554287, 2068.887602088633, 2130.5826081135356, 2158.0026107912704, 2158.0026107912704, 2171.7126121301376, 2219.697616816173, 2274.5376221716424, 2301.957624849377, 2281.392622841076, 2274.5376221716424, 2219.697616816173, 2123.727607444102, 2027.7575980720308, 1959.2075913776944]","[976.4061454009907, 1024.3911500870263, 1099.7961574507967, 1182.0561654840003, 1271.171174186638, 1367.1411835587091, 1442.5461909224796, 1497.3861962779488, 1593.35620565002, 1689.3262150220912]","[1678.1525639309143, 1595.8925558977103, 1534.1975498728075, 1486.2125451867719, 1451.9375418396035, 1424.5175391618686, 1417.662538492435, 1417.662538492435, 1431.3725398313022, 1451.9375418396035]"
/Users/mariograndi/TensorFlow/workspace/yt_tutorial/images/test/663 20m_100kV_20kX_0017.jpg,"[4096.0, 4096.0]",1.7654,"[0.49405426, 0.40874618, 0.5126808, 0.43138468]",1,0.42006543,0.49663247,0.5125599087073683,0.3708225960021492,"[0.35218413, 0.34610902]","[0.35218413, 0.34610902, 0.45259918, 0.5385712]",2.660705373394457,0.1712837137957105,"[0.5, 0.2]","[894.1461373677869, 928.4211407149551, 976.4061454009907, 1024.3911500870263, 1099.7961574507967, 1182.0561654840003, 1271.171174186638, 1367.1411835587091, 1497.3861962779488, 1593.35620565002, 1689.3262150220912, 1785.2962243941624, 1881.2662337662337, 1977.2362431383049, 2066.3512518409425, 2134.9012585352793, 2169.1762618824473, 2155.46626054358, 2121.1912571964117, 2073.206252510376, 2018.366247154907, 1942.9612397911364, 1771.5862230552952, 1675.616213683224, 1579.6462043111528, 1497.3861962779488, 1415.1261882447448, 1319.1561788726735, 1223.1861695006023, 1127.216160128531, 1044.9561520953275, 1038.1011514258935, 1038.1011514258935, 969.5511447315571]","[1849.5275806667555, 1760.412571964118, 1678.1525639309143, 1595.8925558977103, 1534.1975498728075, 1486.2125451867719, 1451.9375418396035, 1424.5175391618686, 1417.662538492435, 1431.3725398313022, 1451.9375418396035, 1479.3575445173383, 1499.922546525639, 1520.4875485339398, 1554.7625518811083, 1630.1675592448787, 1719.2825679475163, 1815.2525773195875, 1904.3675860222247, 1986.6275940554287, 2068.887602088633, 2130.5826081135356, 2158.0026107912704, 2158.0026107912704, 2171.7126121301376, 2219.697616816173, 2274.5376221716424, 2301.957624849377, 2281.392622841076, 2274.5376221716424, 2219.697616816173, 2123.727607444102, 2027.7575980720308, 1959.2075913776944]","[976.4061454009907, 1024.3911500870263, 1099.7961574507967, 1182.0561654840003, 1271.171174186638, 1367.1411835587091, 1442.5461909224796, 1497.3861962779488, 1593.35620565002, 1689.3262150220912]","[1678.1525639309143, 1595.8925558977103, 1534.1975498728075, 1486.2125451867719, 1451.9375418396035, 1424.5175391618686, 1417.662538492435, 1417.662538492435, 1431.3725398313022, 1451.9375418396035]"
/Users/mariograndi/TensorFlow/workspace/yt_tutorial/images/test/663 20m_100kV_20kX_0017.jpg,"[4096.0, 4096.0]",1.7654,"[0.4318505, 0.357592, 0.44947642, 0.378367]",1,0.3679795,0.55933654,0.5297337336803779,0.2911369371021549,"[0.35218413, 0.34610902]","[0.35218413, 0.34610902, 0.45259918, 0.5385712]",2.660705373394457,0.095864676617291,"[0.5, 0.2]","[894.1461373677869, 928.4211407149551, 976.4061454009907, 1024.3911500870263, 1099.7961574507967, 1182.0561654840003, 1271.171174186638, 1367.1411835587091, 1497.3861962779488, 1593.35620565002, 1689.3262150220912, 1785.2962243941624, 1881.2662337662337, 1977.2362431383049, 2066.3512518409425, 2134.9012585352793, 2169.1762618824473, 2155.46626054358, 2121.1912571964117, 2073.206252510376, 2018.366247154907, 1942.9612397911364, 1771.5862230552952, 1675.616213683224, 1579.6462043111528, 1497.3861962779488, 1415.1261882447448, 1319.1561788726735, 1223.1861695006023, 1127.216160128531, 1044.9561520953275, 1038.1011514258935, 1038.1011514258935, 969.5511447315571]","[1849.5275806667555, 1760.412571964118, 1678.1525639309143, 1595.8925558977103, 1534.1975498728075, 1486.2125451867719, 1451.9375418396035, 1424.5175391618686, 1417.662538492435, 1431.3725398313022, 1451.9375418396035, 1479.3575445173383, 1499.922546525639, 1520.4875485339398, 1554.7625518811083, 1630.1675592448787, 1719.2825679475163, 1815.2525773195875, 1904.3675860222247, 1986.6275940554287, 2068.887602088633, 2130.5826081135356, 2158.0026107912704, 2158.0026107912704, 2171.7126121301376, 2219.697616816173, 2274.5376221716424, 2301.957624849377, 2281.392622841076, 2274.5376221716424, 2219.697616816173, 2123.727607444102, 2027.7575980720308, 1959.2075913776944]","[976.4061454009907, 1024.3911500870263, 1099.7961574507967, 1182.0561654840003, 1271.171174186638, 1367.1411835587091, 1442.5461909224796, 1497.3861962779488, 1593.35620565002, 1689.3262150220912]","[1678.1525639309143, 1595.8925558977103, 1534.1975498728075, 1486.2125451867719, 1451.9375418396035, 1424.5175391618686, 1417.662538492435, 1417.662538492435, 1431.3725398313022, 1451.9375418396035]"
/Users/mariograndi/TensorFlow/workspace/yt_tutorial/images/test/663 20m_100kV_20kX_0017.jpg,"[4096.0, 4096.0]",1.7654,"[0.48545346, 0.43152812, 0.50479305, 0.45030132]",1,0.44091472,0.504876745,0.4902617227752138,0.3731575195372548,"[0.35218413, 0.34610902]","[0.35218413, 0.34610902, 0.45259918, 0.5385712]",2.660705373394457,0.173431140847316,"[0.5, 0.2]","[894.1461373677869, 928.4211407149551, 976.4061454009907, 1024.3911500870263, 1099.7961574507967, 1182.0561654840003, 1271.171174186638, 1367.1411835587091, 1497.3861962779488, 1593.35620565002, 1689.3262150220912, 1785.2962243941624, 1881.2662337662337, 1977.2362431383049, 2066.3512518409425, 2134.9012585352793, 2169.1762618824473, 2155.46626054358, 2121.1912571964117, 2073.206252510376, 2018.366247154907, 1942.9612397911364, 1771.5862230552952, 1675.616213683224, 1579.6462043111528, 1497.3861962779488, 1415.1261882447448, 1319.1561788726735, 1223.1861695006023, 1127.216160128531, 1044.9561520953275, 1038.1011514258935, 1038.1011514258935, 969.5511447315571]","[1849.5275806667555, 1760.412571964118, 1678.1525639309143, 1595.8925558977103, 1534.1975498728075, 1486.2125451867719, 1451.9375418396035, 1424.5175391618686, 1417.662538492435, 1431.3725398313022, 1451.9375418396035, 1479.3575445173383, 1499.922546525639, 1520.4875485339398, 1554.7625518811083, 1630.1675592448787, 1719.2825679475163, 1815.2525773195875, 1904.3675860222247, 1986.6275940554287, 2068.887602088633, 2130.5826081135356, 2158.0026107912704, 2158.0026107912704, 2171.7126121301376, 2219.697616816173, 2274.5376221716424, 2301.957624849377, 2281.392622841076, 2274.5376221716424, 2219.697616816173, 2123.727607444102, 2027.7575980720308, 1959.2075913776944]","[976.4061454009907, 1024.3911500870263, 1099.7961574507967, 1182.0561654840003, 1271.171174186638, 1367.1411835587091, 1442.5461909224796, 1497.3861962779488, 1593.35620565002, 1689.3262150220912]","[1678.1525639309143, 1595.8925558977103, 1534.1975498728075, 1486.2125451867719, 1451.9375418396035, 1424.5175391618686, 1417.662538492435, 1417.662538492435, 1431.3725398313022, 1451.9375418396035]"
/Users/mariograndi/TensorFlow/workspace/yt_tutorial/images/test/663 20m_100kV_20kX_0017.jpg,"[4096.0, 4096.0]",1.7654,"[0.3580395, 0.37131107, 0.37388086, 0.38538748]",1,0.378349275,0.63403982,0.4859848503906125,0.2297028465073758,"[0.35218413, 0.34610902]","[0.35218413, 0.34610902, 0.45259918, 0.5385712]",2.660705373394457,0.0328433175732026,"[0.5, 0.2]","[894.1461373677869, 928.4211407149551, 976.4061454009907, 1024.3911500870263, 1099.7961574507967, 1182.0561654840003, 1271.171174186638, 1367.1411835587091, 1497.3861962779488, 1593.35620565002, 1689.3262150220912, 1785.2962243941624, 1881.2662337662337, 1977.2362431383049, 2066.3512518409425, 2134.9012585352793, 2169.1762618824473, 2155.46626054358, 2121.1912571964117, 2073.206252510376, 2018.366247154907, 1942.9612397911364, 1771.5862230552952, 1675.616213683224, 1579.6462043111528, 1497.3861962779488, 1415.1261882447448, 1319.1561788726735, 1223.1861695006023, 1127.216160128531, 1044.9561520953275, 1038.1011514258935, 1038.1011514258935, 969.5511447315571]","[1849.5275806667555, 1760.412571964118, 1678.1525639309143, 1595.8925558977103, 1534.1975498728075, 1486.2125451867719, 1451.9375418396035, 1424.5175391618686, 1417.662538492435, 1431.3725398313022, 1451.9375418396035, 1479.3575445173383, 1499.922546525639, 1520.4875485339398, 1554.7625518811083, 1630.1675592448787, 1719.2825679475163, 1815.2525773195875, 1904.3675860222247, 1986.6275940554287, 2068.887602088633, 2130.5826081135356, 2158.0026107912704, 2158.0026107912704, 2171.7126121301376, 2219.697616816173, 2274.5376221716424, 2301.957624849377, 2281.392622841076, 2274.5376221716424, 2219.697616816173, 2123.727607444102, 2027.7575980720308, 1959.2075913776944]","[976.4061454009907, 1024.3911500870263, 1099.7961574507967, 1182.0561654840003, 1271.171174186638, 1367.1411835587091, 1442.5461909224796, 1497.3861962779488, 1593.35620565002, 1689.3262150220912]","[1678.1525639309143, 1595.8925558977103, 1534.1975498728075, 1486.2125451867719, 1451.9375418396035, 1424.5175391618686, 1417.662538492435, 1417.662538492435, 1431.3725398313022, 1451.9375418396035]"
/Users/mariograndi/OneDrive - University of Sussex/PC vesicles (examples)/663 20 min/663 20m_100kV_20kX_0092.jpg,"[4096.0, 4096.0]",1.7654,"[0.4760771, 0.36777025, 0.498538, 0.38798815]",1,0.3778791999999999,0.5126924500000001,0.5435797390767254,0.3092182346954524,"[0.32708037, 0.38125429]","[0.32708037, 0.38125429, 0.53962555, 0.57706363]",2.3152338066580294,0.1175917363082389,"[0.5, 0.2]","[654.2211139376088, 743.3361226402462, 839.3061320123174, 935.2761413843887, 1031.2461507564599, 1127.216160128531, 1223.1861695006023, 1408.2711875753112, 1504.2411969473824, 1600.2112063194536, 1696.1812156915248, 1792.151225063596, 1888.1212344356672, 1984.0912438077385, 2080.0612531798097, 2162.3212612130137, 2237.726268576784, 2292.5662739322534, 2326.841277279422, 2333.6962779488554, 2333.6962779488554, 2299.421274601687, 2244.5812692462177, 2128.0462578658453, 2066.3512518409425, 1997.801245146606, 1922.3962377828357, 1833.281229080198, 1744.1662203775604, 1648.1962110054892, 1552.226201633418, 1463.1111929307804, 1373.9961842281427, 1291.7361761949392, 1209.4761681617351, 1134.0711607979647, 1106.6511581202303, 1092.9411567813631, 1044.9561520953275, 948.9861427232563, 853.0161333511849, 757.0461239791136, 661.0761146070424, 565.1061052349712, 489.701097871201, 482.8460972017672, 482.8460972017672, 517.1211005489356]","[1705.5725666086487, 1671.2975632614807, 1643.877560583746, 1630.1675592448787, 1623.312558575445, 1602.7475565671439, 1595.8925558977103, 1554.7625518811083, 1541.052550542241, 1534.1975498728075, 1520.4875485339398, 1520.4875485339398, 1527.342549203374, 1547.9075512116747, 1575.3275538894095, 1630.1675592448787, 1691.8625652697815, 1774.1225733029855, 1870.0925826750567, 1966.062592047128, 2062.032601419199, 2151.147610121837, 2233.4076181550404, 2356.7976302048464, 2432.202637568617, 2500.7526442629533, 2562.447650287856, 2603.577654304458, 2644.70765832106, 2644.70765832106, 2617.2876556433253, 2576.1576516267237, 2535.0276476101217, 2487.042642924086, 2432.202637568617, 2370.5076315437136, 2274.5376221716424, 2178.567612799571, 2096.3076047663676, 2089.4526040969336, 2110.017606105235, 2123.727607444102, 2137.437608782969, 2151.147610121837, 2089.4526040969336, 1993.4825947248623, 1897.5125853527911, 1801.54257598072]","[1031.2461507564599, 1127.216160128531, 1223.1861695006023, 1339.7211808809748, 1408.2711875753112, 1504.2411969473824]","[1623.312558575445, 1602.7475565671439, 1595.8925558977103, 1561.6175525505419, 1554.7625518811083, 1541.052550542241]"
/Users/mariograndi/OneDrive - University of Sussex/PC vesicles (examples)/663 20 min/663 20m_100kV_20kX_0092.jpg,"[4096.0, 4096.0]",1.7654,"[0.41760522, 0.4869888, 0.439722, 0.5072486]",1,0.4971187,0.57133639,0.4196572286893627,0.3571805269495515,"[0.32708037, 0.38125429]","[0.32708037, 0.38125429, 0.53962555, 0.57706363]",2.3152338066580294,0.1765238764417211,"[0.5, 0.2]","[654.2211139376088, 743.3361226402462, 839.3061320123174, 935.2761413843887, 1031.2461507564599, 1127.216160128531, 1223.1861695006023, 1408.2711875753112, 1504.2411969473824, 1600.2112063194536, 1696.1812156915248, 1792.151225063596, 1888.1212344356672, 1984.0912438077385, 2080.0612531798097, 2162.3212612130137, 2237.726268576784, 2292.5662739322534, 2326.841277279422, 2333.6962779488554, 2333.6962779488554, 2299.421274601687, 2244.5812692462177, 2128.0462578658453, 2066.3512518409425, 1997.801245146606, 1922.3962377828357, 1833.281229080198, 1744.1662203775604, 1648.1962110054892, 1552.226201633418, 1463.1111929307804, 1373.9961842281427, 1291.7361761949392, 1209.4761681617351, 1134.0711607979647, 1106.6511581202303, 1092.9411567813631, 1044.9561520953275, 948.9861427232563, 853.0161333511849, 757.0461239791136, 661.0761146070424, 565.1061052349712, 489.701097871201, 482.8460972017672, 482.8460972017672, 517.1211005489356]","[1705.5725666086487, 1671.2975632614807, 1643.877560583746, 1630.1675592448787, 1623.312558575445, 1602.7475565671439, 1595.8925558977103, 1554.7625518811083, 1541.052550542241, 1534.1975498728075, 1520.4875485339398, 1520.4875485339398, 1527.342549203374, 1547.9075512116747, 1575.3275538894095, 1630.1675592448787, 1691.8625652697815, 1774.1225733029855, 1870.0925826750567, 1966.062592047128, 2062.032601419199, 2151.147610121837, 2233.4076181550404, 2356.7976302048464, 2432.202637568617, 2500.7526442629533, 2562.447650287856, 2603.577654304458, 2644.70765832106, 2644.70765832106, 2617.2876556433253, 2576.1576516267237, 2535.0276476101217, 2487.042642924086, 2432.202637568617, 2370.5076315437136, 2274.5376221716424, 2178.567612799571, 2096.3076047663676, 2089.4526040969336, 2110.017606105235, 2123.727607444102, 2137.437608782969, 2151.147610121837, 2089.4526040969336, 1993.4825947248623, 1897.5125853527911, 1801.54257598072]","[1031.2461507564599, 1127.216160128531, 1223.1861695006023, 1339.7211808809748, 1408.2711875753112, 1504.2411969473824]","[1623.312558575445, 1602.7475565671439, 1595.8925558977103, 1561.6175525505419, 1554.7625518811083, 1541.052550542241]"
/Users/mariograndi/OneDrive - University of Sussex/PC vesicles (examples)/663 20 min/663 20m_100kV_20kX_0092.jpg,"[4096.0, 4096.0]",1.7654,"[0.4451135, 0.44376975, 0.46783093, 0.46688807]",1,0.45532891,0.543527785,0.4684246149696578,0.3452873736385655,"[0.32708037, 0.38125429]","[0.32708037, 0.38125429, 0.53962555, 0.57706363]",2.3152338066580294,0.1486789355578203,"[0.5, 0.2]","[654.2211139376088, 743.3361226402462, 839.3061320123174, 935.2761413843887, 1031.2461507564599, 1127.216160128531, 1223.1861695006023, 1408.2711875753112, 1504.2411969473824, 1600.2112063194536, 1696.1812156915248, 1792.151225063596, 1888.1212344356672, 1984.0912438077385, 2080.0612531798097, 2162.3212612130137, 2237.726268576784, 2292.5662739322534, 2326.841277279422, 2333.6962779488554, 2333.6962779488554, 2299.421274601687, 2244.5812692462177, 2128.0462578658453, 2066.3512518409425, 1997.801245146606, 1922.3962377828357, 1833.281229080198, 1744.1662203775604, 1648.1962110054892, 1552.226201633418, 1463.1111929307804, 1373.9961842281427, 1291.7361761949392, 1209.4761681617351, 1134.0711607979647, 1106.6511581202303, 1092.9411567813631, 1044.9561520953275, 948.9861427232563, 853.0161333511849, 757.0461239791136, 661.0761146070424, 565.1061052349712, 489.701097871201, 482.8460972017672, 482.8460972017672, 517.1211005489356]","[1705.5725666086487, 1671.2975632614807, 1643.877560583746, 1630.1675592448787, 1623.312558575445, 1602.7475565671439, 1595.8925558977103, 1554.7625518811083, 1541.052550542241, 1534.1975498728075, 1520.4875485339398, 1520.4875485339398, 1527.342549203374, 1547.9075512116747, 1575.3275538894095, 1630.1675592448787, 1691.8625652697815, 1774.1225733029855, 1870.0925826750567, 1966.062592047128, 2062.032601419199, 2151.147610121837, 2233.4076181550404, 2356.7976302048464, 2432.202637568617, 2500.7526442629533, 2562.447650287856, 2603.577654304458, 2644.70765832106, 2644.70765832106, 2617.2876556433253, 2576.1576516267237, 2535.0276476101217, 2487.042642924086, 2432.202637568617, 2370.5076315437136, 2274.5376221716424, 2178.567612799571, 2096.3076047663676, 2089.4526040969336, 2110.017606105235, 2123.727607444102, 2137.437608782969, 2151.147610121837, 2089.4526040969336, 1993.4825947248623, 1897.5125853527911, 1801.54257598072]","[1031.2461507564599, 1127.216160128531, 1223.1861695006023, 1339.7211808809748, 1408.2711875753112, 1504.2411969473824]","[1623.312558575445, 1602.7475565671439, 1595.8925558977103, 1561.6175525505419, 1554.7625518811083, 1541.052550542241]"
/Users/mariograndi/OneDrive - University of Sussex/PC vesicles (examples)/663 20 min/663 20m_100kV_20kX_0092.jpg,"[4096.0, 4096.0]",1.7654,"[0.4539869, 0.48200142, 0.47837105, 0.50986415]",1,0.495932785,0.533821025,0.4480521490645533,0.3817271662787355,"[0.32708037, 0.38125429]","[0.32708037, 0.38125429, 0.53962555, 0.57706363]",2.3152338066580294,0.1890061961431702,"[0.5, 0.2]","[654.2211139376088, 743.3361226402462, 839.3061320123174, 935.2761413843887, 1031.2461507564599, 1127.216160128531, 1223.1861695006023, 1408.2711875753112, 1504.2411969473824, 1600.2112063194536, 1696.1812156915248, 1792.151225063596, 1888.1212344356672, 1984.0912438077385, 2080.0612531798097, 2162.3212612130137, 2237.726268576784, 2292.5662739322534, 2326.841277279422, 2333.6962779488554, 2333.6962779488554, 2299.421274601687, 2244.5812692462177, 2128.0462578658453, 2066.3512518409425, 1997.801245146606, 1922.3962377828357, 1833.281229080198, 1744.1662203775604, 1648.1962110054892, 1552.226201633418, 1463.1111929307804, 1373.9961842281427, 1291.7361761949392, 1209.4761681617351, 1134.0711607979647, 1106.6511581202303, 1092.9411567813631, 1044.9561520953275, 948.9861427232563, 853.0161333511849, 757.0461239791136, 661.0761146070424, 565.1061052349712, 489.701097871201, 482.8460972017672, 482.8460972017672, 517.1211005489356]","[1705.5725666086487, 1671.2975632614807, 1643.877560583746, 1630.1675592448787, 1623.312558575445, 1602.7475565671439, 1595.8925558977103, 1554.7625518811083, 1541.052550542241, 1534.1975498728075, 1520.4875485339398, 1520.4875485339398, 1527.342549203374, 1547.9075512116747, 1575.3275538894095, 1630.1675592448787, 1691.8625652697815, 1774.1225733029855, 1870.0925826750567, 1966.062592047128, 2062.032601419199, 2151.147610121837, 2233.4076181550404, 2356.7976302048464, 2432.202637568617, 2500.7526442629533, 2562.447650287856, 2603.577654304458, 2644.70765832106, 2644.70765832106, 2617.2876556433253, 2576.1576516267237, 2535.0276476101217, 2487.042642924086, 2432.202637568617, 2370.5076315437136, 2274.5376221716424, 2178.567612799571, 2096.3076047663676, 2089.4526040969336, 2110.017606105235, 2123.727607444102, 2137.437608782969, 2151.147610121837, 2089.4526040969336, 1993.4825947248623, 1897.5125853527911, 1801.54257598072]","[1031.2461507564599, 1127.216160128531, 1223.1861695006023, 1339.7211808809748, 1408.2711875753112, 1504.2411969473824]","[1623.312558575445, 1602.7475565671439, 1595.8925558977103, 1561.6175525505419, 1554.7625518811083, 1541.052550542241]"
/Users/mariograndi/OneDrive - University of Sussex/PC vesicles (examples)/663 20 min/663 20m_100kV_20kX_0092.jpg,"[4096.0, 4096.0]",1.7654,"[0.4185527, 0.5109324, 0.44172406, 0.53589493]",1,0.523413665,0.56986162,0.4029255073477793,0.377518905249006,"[0.32708037, 0.38125429]","[0.32708037, 0.38125429, 0.53962555, 0.57706363]",2.3152338066580294,0.2023275039249276,"[0.5, 0.2]","[654.2211139376088, 743.3361226402462, 839.3061320123174, 935.2761413843887, 1031.2461507564599, 1127.216160128531, 1223.1861695006023, 1408.2711875753112, 1504.2411969473824, 1600.2112063194536, 1696.1812156915248, 1792.151225063596, 1888.1212344356672, 1984.0912438077385, 2080.0612531798097, 2162.3212612130137, 2237.726268576784, 2292.5662739322534, 2326.841277279422, 2333.6962779488554, 2333.6962779488554, 2299.421274601687, 2244.5812692462177, 2128.0462578658453, 2066.3512518409425, 1997.801245146606, 1922.3962377828357, 1833.281229080198, 1744.1662203775604, 1648.1962110054892, 1552.226201633418, 1463.1111929307804, 1373.9961842281427, 1291.7361761949392, 1209.4761681617351, 1134.0711607979647, 1106.6511581202303, 1092.9411567813631, 1044.9561520953275, 948.9861427232563, 853.0161333511849, 757.0461239791136, 661.0761146070424, 565.1061052349712, 489.701097871201, 482.8460972017672, 482.8460972017672, 517.1211005489356]","[1705.5725666086487, 1671.2975632614807, 1643.877560583746, 1630.1675592448787, 1623.312558575445, 1602.7475565671439, 1595.8925558977103, 1554.7625518811083, 1541.052550542241, 1534.1975498728075, 1520.4875485339398, 1520.4875485339398, 1527.342549203374, 1547.9075512116747, 1575.3275538894095, 1630.1675592448787, 1691.8625652697815, 1774.1225733029855, 1870.0925826750567, 1966.062592047128, 2062.032601419199, 2151.147610121837, 2233.4076181550404, 2356.7976302048464, 2432.202637568617, 2500.7526442629533, 2562.447650287856, 2603.577654304458, 2644.70765832106, 2644.70765832106, 2617.2876556433253, 2576.1576516267237, 2535.0276476101217, 2487.042642924086, 2432.202637568617, 2370.5076315437136, 2274.5376221716424, 2178.567612799571, 2096.3076047663676, 2089.4526040969336, 2110.017606105235, 2123.727607444102, 2137.437608782969, 2151.147610121837, 2089.4526040969336, 1993.4825947248623, 1897.5125853527911, 1801.54257598072]","[1031.2461507564599, 1127.216160128531, 1223.1861695006023, 1339.7211808809748, 1408.2711875753112, 1504.2411969473824]","[1623.312558575445, 1602.7475565671439, 1595.8925558977103, 1561.6175525505419, 1554.7625518811083, 1541.052550542241]"
/Users/mariograndi/OneDrive - University of Sussex/PC vesicles (examples)/663 20 min/663 20m_100kV_20kX_0092.jpg,"[4096.0, 4096.0]",1.7654,"[0.5680655, 0.46755064, 0.58922684, 0.48812717]",1,0.477838905,0.4213538299999999,0.5430279591603455,0.4446227459427345,"[0.32708037, 0.38125429]","[0.32708037, 0.38125429, 0.53962555, 0.57706363]",2.3152338066580294,0.2483781252487183,"[0.5, 0.2]","[654.2211139376088, 743.3361226402462, 839.3061320123174, 935.2761413843887, 1031.2461507564599, 1127.216160128531, 1223.1861695006023, 1408.2711875753112, 1504.2411969473824, 1600.2112063194536, 1696.1812156915248, 1792.151225063596, 1888.1212344356672, 1984.0912438077385, 2080.0612531798097, 2162.3212612130137, 2237.726268576784, 2292.5662739322534, 2326.841277279422, 2333.6962779488554, 2333.6962779488554, 2299.421274601687, 2244.5812692462177, 2128.0462578658453, 2066.3512518409425, 1997.801245146606, 1922.3962377828357, 1833.281229080198, 1744.1662203775604, 1648.1962110054892, 1552.226201633418, 1463.1111929307804, 1373.9961842281427, 1291.7361761949392, 1209.4761681617351, 1134.0711607979647, 1106.6511581202303, 1092.9411567813631, 1044.9561520953275, 948.9861427232563, 853.0161333511849, 757.0461239791136, 661.0761146070424, 565.1061052349712, 489.701097871201, 482.8460972017672, 482.8460972017672, 517.1211005489356]","[1705.5725666086487, 1671.2975632614807, 1643.877560583746, 1630.1675592448787, 1623.312558575445, 1602.7475565671439, 1595.8925558977103, 1554.7625518811083, 1541.052550542241, 1534.1975498728075, 1520.4875485339398, 1520.4875485339398, 1527.342549203374, 1547.9075512116747, 1575.3275538894095, 1630.1675592448787, 1691.8625652697815, 1774.1225733029855, 1870.0925826750567, 1966.062592047128, 2062.032601419199, 2151.147610121837, 2233.4076181550404, 2356.7976302048464, 2432.202637568617, 2500.7526442629533, 2562.447650287856, 2603.577654304458, 2644.70765832106, 2644.70765832106, 2617.2876556433253, 2576.1576516267237, 2535.0276476101217, 2487.042642924086, 2432.202637568617, 2370.5076315437136, 2274.5376221716424, 2178.567612799571, 2096.3076047663676, 2089.4526040969336, 2110.017606105235, 2123.727607444102, 2137.437608782969, 2151.147610121837, 2089.4526040969336, 1993.4825947248623, 1897.5125853527911, 1801.54257598072]","[1031.2461507564599, 1127.216160128531, 1223.1861695006023, 1339.7211808809748, 1408.2711875753112, 1504.2411969473824]","[1623.312558575445, 1602.7475565671439, 1595.8925558977103, 1561.6175525505419, 1554.7625518811083, 1541.052550542241]"
/Users/mariograndi/OneDrive - University of Sussex/PC vesicles (examples)/663 20 min/663 20m_100kV_20kX_0092.jpg,"[4096.0, 4096.0]",1.7654,"[0.5131977, 0.5015451, 0.53486997, 0.52338994]",1,0.51246752,0.475966165,0.4793993689761426,0.4330879888086977,"[0.32708037, 0.38125429]","[0.32708037, 0.38125429, 0.53962555, 0.57706363]",2.3152338066580294,0.2339965737472767,"[0.5, 0.2]","[654.2211139376088, 743.3361226402462, 839.3061320123174, 935.2761413843887, 1031.2461507564599, 1127.216160128531, 1223.1861695006023, 1408.2711875753112, 1504.2411969473824, 1600.2112063194536, 1696.1812156915248, 1792.151225063596, 1888.1212344356672, 1984.0912438077385, 2080.0612531798097, 2162.3212612130137, 2237.726268576784, 2292.5662739322534, 2326.841277279422, 2333.6962779488554, 2333.6962779488554, 2299.421274601687, 2244.5812692462177, 2128.0462578658453, 2066.3512518409425, 1997.801245146606, 1922.3962377828357, 1833.281229080198, 1744.1662203775604, 1648.1962110054892, 1552.226201633418, 1463.1111929307804, 1373.9961842281427, 1291.7361761949392, 1209.4761681617351, 1134.0711607979647, 1106.6511581202303, 1092.9411567813631, 1044.9561520953275, 948.9861427232563, 853.0161333511849, 757.0461239791136, 661.0761146070424, 565.1061052349712, 489.701097871201, 482.8460972017672, 482.8460972017672, 517.1211005489356]","[1705.5725666086487, 1671.2975632614807, 1643.877560583746, 1630.1675592448787, 1623.312558575445, 1602.7475565671439, 1595.8925558977103, 1554.7625518811083, 1541.052550542241, 1534.1975498728075, 1520.4875485339398, 1520.4875485339398, 1527.342549203374, 1547.9075512116747, 1575.3275538894095, 1630.1675592448787, 1691.8625652697815, 1774.1225733029855, 1870.0925826750567, 1966.062592047128, 2062.032601419199, 2151.147610121837, 2233.4076181550404, 2356.7976302048464, 2432.202637568617, 2500.7526442629533, 2562.447650287856, 2603.577654304458, 2644.70765832106, 2644.70765832106, 2617.2876556433253, 2576.1576516267237, 2535.0276476101217, 2487.042642924086, 2432.202637568617, 2370.5076315437136, 2274.5376221716424, 2178.567612799571, 2096.3076047663676, 2089.4526040969336, 2110.017606105235, 2123.727607444102, 2137.437608782969, 2151.147610121837, 2089.4526040969336, 1993.4825947248623, 1897.5125853527911, 1801.54257598072]","[1031.2461507564599, 1127.216160128531, 1223.1861695006023, 1339.7211808809748, 1408.2711875753112, 1504.2411969473824]","[1623.312558575445, 1602.7475565671439, 1595.8925558977103, 1561.6175525505419, 1554.7625518811083, 1541.052550542241]"
/Users/mariograndi/OneDrive - University of Sussex/PC vesicles (examples)/663 20 min/663 20m_100kV_20kX_0092.jpg,"[4096.0, 4096.0]",1.7654,"[0.46947375, 0.5316557, 0.4873058, 0.5521962]",1,0.54192595,0.521610225,0.4258697697124148,0.4238272483408294,"[0.32708037, 0.38125429]","[0.32708037, 0.38125429, 0.53962555, 0.57706363]",2.3152338066580294,0.2357836468933282,"[0.5, 0.2]","[654.2211139376088, 743.3361226402462, 839.3061320123174, 935.2761413843887, 1031.2461507564599, 1127.216160128531, 1223.1861695006023, 1408.2711875753112, 1504.2411969473824, 1600.2112063194536, 1696.1812156915248, 1792.151225063596, 1888.1212344356672, 1984.0912438077385, 2080.0612531798097, 2162.3212612130137, 2237.726268576784, 2292.5662739322534, 2326.841277279422, 2333.6962779488554, 2333.6962779488554, 2299.421274601687, 2244.5812692462177, 2128.0462578658453, 2066.3512518409425, 1997.801245146606, 1922.3962377828357, 1833.281229080198, 1744.1662203775604, 1648.1962110054892, 1552.226201633418, 1463.1111929307804, 1373.9961842281427, 1291.7361761949392, 1209.4761681617351, 1134.0711607979647, 1106.6511581202303, 1092.9411567813631, 1044.9561520953275, 948.9861427232563, 853.0161333511849, 757.0461239791136, 661.0761146070424, 565.1061052349712, 489.701097871201, 482.8460972017672, 482.8460972017672, 517.1211005489356]","[1705.5725666086487, 1671.2975632614807, 1643.877560583746, 1630.1675592448787, 1623.312558575445, 1602.7475565671439, 1595.8925558977103, 1554.7625518811083, 1541.052550542241, 1534.1975498728075, 1520.4875485339398, 1520.4875485339398, 1527.342549203374, 1547.9075512116747, 1575.3275538894095, 1630.1675592448787, 1691.8625652697815, 1774.1225733029855, 1870.0925826750567, 1966.062592047128, 2062.032601419199, 2151.147610121837, 2233.4076181550404, 2356.7976302048464, 2432.202637568617, 2500.7526442629533, 2562.447650287856, 2603.577654304458, 2644.70765832106, 2644.70765832106, 2617.2876556433253, 2576.1576516267237, 2535.0276476101217, 2487.042642924086, 2432.202637568617, 2370.5076315437136, 2274.5376221716424, 2178.567612799571, 2096.3076047663676, 2089.4526040969336, 2110.017606105235, 2123.727607444102, 2137.437608782969, 2151.147610121837, 2089.4526040969336, 1993.4825947248623, 1897.5125853527911, 1801.54257598072]","[1031.2461507564599, 1127.216160128531, 1223.1861695006023, 1339.7211808809748, 1408.2711875753112, 1504.2411969473824]","[1623.312558575445, 1602.7475565671439, 1595.8925558977103, 1561.6175525505419, 1554.7625518811083, 1541.052550542241]"
/Users/mariograndi/OneDrive - University of Sussex/PC vesicles (examples)/663 20 min/663 20m_100kV_20kX_0092.jpg,"[4096.0, 4096.0]",1.7654,"[0.49935594, 0.35844553, 0.5194005, 0.37982363]",1,0.36913458,0.49062178,0.5657370251766946,0.3177409998498736,"[0.32708037, 0.38125429]","[0.32708037, 0.38125429, 0.53962555, 0.57706363]",2.3152338066580294,0.1348491732445152,"[0.5, 0.2]","[654.2211139376088, 743.3361226402462, 839.3061320123174, 935.2761413843887, 1031.2461507564599, 1127.216160128531, 1223.1861695006023, 1408.2711875753112, 1504.2411969473824, 1600.2112063194536, 1696.1812156915248, 1792.151225063596, 1888.1212344356672, 1984.0912438077385, 2080.0612531798097, 2162.3212612130137, 2237.726268576784, 2292.5662739322534, 2326.841277279422, 2333.6962779488554, 2333.6962779488554, 2299.421274601687, 2244.5812692462177, 2128.0462578658453, 2066.3512518409425, 1997.801245146606, 1922.3962377828357, 1833.281229080198, 1744.1662203775604, 1648.1962110054892, 1552.226201633418, 1463.1111929307804, 1373.9961842281427, 1291.7361761949392, 1209.4761681617351, 1134.0711607979647, 1106.6511581202303, 1092.9411567813631, 1044.9561520953275, 948.9861427232563, 853.0161333511849, 757.0461239791136, 661.0761146070424, 565.1061052349712, 489.701097871201, 482.8460972017672, 482.8460972017672, 517.1211005489356]","[1705.5725666086487, 1671.2975632614807, 1643.877560583746, 1630.1675592448787, 1623.312558575445, 1602.7475565671439, 1595.8925558977103, 1554.7625518811083, 1541.052550542241, 1534.1975498728075, 1520.4875485339398, 1520.4875485339398, 1527.342549203374, 1547.9075512116747, 1575.3275538894095, 1630.1675592448787, 1691.8625652697815, 1774.1225733029855, 1870.0925826750567, 1966.062592047128, 2062.032601419199, 2151.147610121837, 2233.4076181550404, 2356.7976302048464, 2432.202637568617, 2500.7526442629533, 2562.447650287856, 2603.577654304458, 2644.70765832106, 2644.70765832106, 2617.2876556433253, 2576.1576516267237, 2535.0276476101217, 2487.042642924086, 2432.202637568617, 2370.5076315437136, 2274.5376221716424, 2178.567612799571, 2096.3076047663676, 2089.4526040969336, 2110.017606105235, 2123.727607444102, 2137.437608782969, 2151.147610121837, 2089.4526040969336, 1993.4825947248623, 1897.5125853527911, 1801.54257598072]","[1031.2461507564599, 1127.216160128531, 1223.1861695006023, 1339.7211808809748, 1408.2711875753112, 1504.2411969473824]","[1623.312558575445, 1602.7475565671439, 1595.8925558977103, 1561.6175525505419, 1554.7625518811083, 1541.052550542241]"
/Users/mariograndi/OneDrive - University of Sussex/PC vesicles (examples)/663 20 min/663 20m_100kV_20kX_0092.jpg,"[4096.0, 4096.0]",1.7654,"[0.48076499, 0.4664761, 0.50666225, 0.49203113]",1,0.4792536149999999,0.50628638,0.479604139689214,0.3881164756926115,"[0.32708037, 0.38125429]","[0.32708037, 0.38125429, 0.53962555, 0.57706363]",2.3152338066580294,0.1892189196270446,"[0.5, 0.2]","[654.2211139376088, 743.3361226402462, 839.3061320123174, 935.2761413843887, 1031.2461507564599, 1127.216160128531, 1223.1861695006023, 1408.2711875753112, 1504.2411969473824, 1600.2112063194536, 1696.1812156915248, 1792.151225063596, 1888.1212344356672, 1984.0912438077385, 2080.0612531798097, 2162.3212612130137, 2237.726268576784, 2292.5662739322534, 2326.841277279422, 2333.6962779488554, 2333.6962779488554, 2299.421274601687, 2244.5812692462177, 2128.0462578658453, 2066.3512518409425, 1997.801245146606, 1922.3962377828357, 1833.281229080198, 1744.1662203775604, 1648.1962110054892, 1552.226201633418, 1463.1111929307804, 1373.9961842281427, 1291.7361761949392, 1209.4761681617351, 1134.0711607979647, 1106.6511581202303, 1092.9411567813631, 1044.9561520953275, 948.9861427232563, 853.0161333511849, 757.0461239791136, 661.0761146070424, 565.1061052349712, 489.701097871201, 482.8460972017672, 482.8460972017672, 517.1211005489356]","[1705.5725666086487, 1671.2975632614807, 1643.877560583746, 1630.1675592448787, 1623.312558575445, 1602.7475565671439, 1595.8925558977103, 1554.7625518811083, 1541.052550542241, 1534.1975498728075, 1520.4875485339398, 1520.4875485339398, 1527.342549203374, 1547.9075512116747, 1575.3275538894095, 1630.1675592448787, 1691.8625652697815, 1774.1225733029855, 1870.0925826750567, 1966.062592047128, 2062.032601419199, 2151.147610121837, 2233.4076181550404, 2356.7976302048464, 2432.202637568617, 2500.7526442629533, 2562.447650287856, 2603.577654304458, 2644.70765832106, 2644.70765832106, 2617.2876556433253, 2576.1576516267237, 2535.0276476101217, 2487.042642924086, 2432.202637568617, 2370.5076315437136, 2274.5376221716424, 2178.567612799571, 2096.3076047663676, 2089.4526040969336, 2110.017606105235, 2123.727607444102, 2137.437608782969, 2151.147610121837, 2089.4526040969336, 1993.4825947248623, 1897.5125853527911, 1801.54257598072]","[1031.2461507564599, 1127.216160128531, 1223.1861695006023, 1339.7211808809748, 1408.2711875753112, 1504.2411969473824]","[1623.312558575445, 1602.7475565671439, 1595.8925558977103, 1561.6175525505419, 1554.7625518811083, 1541.052550542241]"
/Users/mariograndi/OneDrive - University of Sussex/PC vesicles (examples)/663 20 min/663 20m_100kV_20kX_0092.jpg,"[4096.0, 4096.0]",1.7654,"[0.41569707, 0.42456812, 0.43540022, 0.44220036]",1,0.43338424,0.574451355,0.4605500740899003,0.3081952271802272,"[0.32708037, 0.38125429]","[0.32708037, 0.38125429, 0.53962555, 0.57706363]",2.3152338066580294,0.1151629447300359,"[0.5, 0.2]","[654.2211139376088, 743.3361226402462, 839.3061320123174, 935.2761413843887, 1031.2461507564599, 1127.216160128531, 1223.1861695006023, 1408.2711875753112, 1504.2411969473824, 1600.2112063194536, 1696.1812156915248, 1792.151225063596, 1888.1212344356672, 1984.0912438077385, 2080.0612531798097, 2162.3212612130137, 2237.726268576784, 2292.5662739322534, 2326.841277279422, 2333.6962779488554, 2333.6962779488554, 2299.421274601687, 2244.5812692462177, 2128.0462578658453, 2066.3512518409425, 1997.801245146606, 1922.3962377828357, 1833.281229080198, 1744.1662203775604, 1648.1962110054892, 1552.226201633418, 1463.1111929307804, 1373.9961842281427, 1291.7361761949392, 1209.4761681617351, 1134.0711607979647, 1106.6511581202303, 1092.9411567813631, 1044.9561520953275, 948.9861427232563, 853.0161333511849, 757.0461239791136, 661.0761146070424, 565.1061052349712, 489.701097871201, 482.8460972017672, 482.8460972017672, 517.1211005489356]","[1705.5725666086487, 1671.2975632614807, 1643.877560583746, 1630.1675592448787, 1623.312558575445, 1602.7475565671439, 1595.8925558977103, 1554.7625518811083, 1541.052550542241, 1534.1975498728075, 1520.4875485339398, 1520.4875485339398, 1527.342549203374, 1547.9075512116747, 1575.3275538894095, 1630.1675592448787, 1691.8625652697815, 1774.1225733029855, 1870.0925826750567, 1966.062592047128, 2062.032601419199, 2151.147610121837, 2233.4076181550404, 2356.7976302048464, 2432.202637568617, 2500.7526442629533, 2562.447650287856, 2603.577654304458, 2644.70765832106, 2644.70765832106, 2617.2876556433253, 2576.1576516267237, 2535.0276476101217, 2487.042642924086, 2432.202637568617, 2370.5076315437136, 2274.5376221716424, 2178.567612799571, 2096.3076047663676, 2089.4526040969336, 2110.017606105235, 2123.727607444102, 2137.437608782969, 2151.147610121837, 2089.4526040969336, 1993.4825947248623, 1897.5125853527911, 1801.54257598072]","[1031.2461507564599, 1127.216160128531, 1223.1861695006023, 1339.7211808809748, 1408.2711875753112, 1504.2411969473824]","[1623.312558575445, 1602.7475565671439, 1595.8925558977103, 1561.6175525505419, 1554.7625518811083, 1541.052550542241]"
/Users/mariograndi/OneDrive - University of Sussex/PC vesicles (examples)/663 20 min/663 20m_100kV_20kX_0092.jpg,"[4096.0, 4096.0]",1.7654,"[0.43771857, 0.4683985, 0.46132708, 0.49256396]",1,0.48048123,0.550477175,0.4462713922499249,0.3590775130825454,"[0.32708037, 0.38125429]","[0.32708037, 0.38125429, 0.53962555, 0.57706363]",2.3152338066580294,0.1679059810110671,"[0.5, 0.2]","[654.2211139376088, 743.3361226402462, 839.3061320123174, 935.2761413843887, 1031.2461507564599, 1127.216160128531, 1223.1861695006023, 1408.2711875753112, 1504.2411969473824, 1600.2112063194536, 1696.1812156915248, 1792.151225063596, 1888.1212344356672, 1984.0912438077385, 2080.0612531798097, 2162.3212612130137, 2237.726268576784, 2292.5662739322534, 2326.841277279422, 2333.6962779488554, 2333.6962779488554, 2299.421274601687, 2244.5812692462177, 2128.0462578658453, 2066.3512518409425, 1997.801245146606, 1922.3962377828357, 1833.281229080198, 1744.1662203775604, 1648.1962110054892, 1552.226201633418, 1463.1111929307804, 1373.9961842281427, 1291.7361761949392, 1209.4761681617351, 1134.0711607979647, 1106.6511581202303, 1092.9411567813631, 1044.9561520953275, 948.9861427232563, 853.0161333511849, 757.0461239791136, 661.0761146070424, 565.1061052349712, 489.701097871201, 482.8460972017672, 482.8460972017672, 517.1211005489356]","[1705.5725666086487, 1671.2975632614807, 1643.877560583746, 1630.1675592448787, 1623.312558575445, 1602.7475565671439, 1595.8925558977103, 1554.7625518811083, 1541.052550542241, 1534.1975498728075, 1520.4875485339398, 1520.4875485339398, 1527.342549203374, 1547.9075512116747, 1575.3275538894095, 1630.1675592448787, 1691.8625652697815, 1774.1225733029855, 1870.0925826750567, 1966.062592047128, 2062.032601419199, 2151.147610121837, 2233.4076181550404, 2356.7976302048464, 2432.202637568617, 2500.7526442629533, 2562.447650287856, 2603.577654304458, 2644.70765832106, 2644.70765832106, 2617.2876556433253, 2576.1576516267237, 2535.0276476101217, 2487.042642924086, 2432.202637568617, 2370.5076315437136, 2274.5376221716424, 2178.567612799571, 2096.3076047663676, 2089.4526040969336, 2110.017606105235, 2123.727607444102, 2137.437608782969, 2151.147610121837, 2089.4526040969336, 1993.4825947248623, 1897.5125853527911, 1801.54257598072]","[1031.2461507564599, 1127.216160128531, 1223.1861695006023, 1339.7211808809748, 1408.2711875753112, 1504.2411969473824]","[1623.312558575445, 1602.7475565671439, 1595.8925558977103, 1561.6175525505419, 1554.7625518811083, 1541.052550542241]"
/Users/mariograndi/OneDrive - University of Sussex/PC vesicles (examples)/663 20 min/663 20m_100kV_20kX_0040.jpg,[4096 4096],1.7654,[0.6776938  0.8631068  0.70132333 0.89108974],1,0.87709827,0.310491435,0.4937985292754547,0.24715692282682972,[0.90948765 0.72433904],[0.90948765 0.72433904 0.73208773 0.474975  ],-0.6183423045698158,0.047562943660406115,[0.5 0.2],"[3800.666421207658, 3759.5364171910564, 3738.971415182755, 3697.8414111661536, 3677.2764091578524, 3615.5814031329496, 3526.4663944303115, 3430.4963850582403, 3334.526375686169, 3238.556366314098, 3149.4413576114607, 3080.891350917124, 3067.1813495782567, 3067.1813495782567, 3080.891350917124, 3101.456352925425, 3115.1663542642923, 3135.7313562725935, 3149.4413576114607, 3183.716360958629, 3279.6863703307004, 3341.381376355603, 3389.3663810416388, 3457.9163877359756, 3526.4663944303115, 3608.7264024635156, 3697.8414111661536, 3793.811420538225, 3876.071428571429, 3882.926429240862, 3882.926429240862, 3882.926429240862, 3862.361427232561, 3841.7964252242605]","[2589.867652965591, 2733.8226670236977, 2829.792676395769, 3008.0226938010437, 3103.9927031731154, 3179.397710536886, 3220.5277145534874, 3247.947717231222, 3254.802717900656, 3247.947717231222, 3206.81771321462, 3138.2677065202834, 3042.297697148212, 2946.327687776141, 2850.3576784040697, 2754.3876690319985, 2658.4176596599273, 2562.447650287856, 2466.477640915785, 2377.362632213147, 2253.9726201633416, 2178.567612799571, 2096.3076047663676, 2027.7575980720308, 1959.2075913776944, 1904.3675860222247, 1863.2375820056232, 1870.0925826750567, 1924.932588030526, 2020.9025974025972, 2116.8726067746684, 2212.8426161467396, 2308.812625518811, 2404.782634890882]","[3759.5364171910564, 3738.971415182755, 3725.261413843888, 3697.8414111661536, 3677.2764091578524, 3615.5814031329496]","[2733.8226670236977, 2829.792676395769, 2966.892689784442, 3008.0226938010437, 3103.9927031731154, 3179.397710536886]"
/Users/mariograndi/OneDrive - University of Sussex/PC vesicles (examples)/663 20 min/663 20m_100kV_20kX_0040.jpg,[4096 4096],1.7654,[0.4789112 0.9000736 0.4972448 0.9193589],1,0.90971625,0.511922,0.6371432983760706,0.39238254834447295,[0.90948765 0.72433904],[0.90948765 0.72433904 0.73208773 0.474975  ],-0.6183423045698158,0.23626114618570146,[0.5 0.2],"[3800.666421207658, 3759.5364171910564, 3738.971415182755, 3697.8414111661536, 3677.2764091578524, 3615.5814031329496, 3526.4663944303115, 3430.4963850582403, 3334.526375686169, 3238.556366314098, 3149.4413576114607, 3080.891350917124, 3067.1813495782567, 3067.1813495782567, 3080.891350917124, 3101.456352925425, 3115.1663542642923, 3135.7313562725935, 3149.4413576114607, 3183.716360958629, 3279.6863703307004, 3341.381376355603, 3389.3663810416388, 3457.9163877359756, 3526.4663944303115, 3608.7264024635156, 3697.8414111661536, 3793.811420538225, 3876.071428571429, 3882.926429240862, 3882.926429240862, 3882.926429240862, 3862.361427232561, 3841.7964252242605]","[2589.867652965591, 2733.8226670236977, 2829.792676395769, 3008.0226938010437, 3103.9927031731154, 3179.397710536886, 3220.5277145534874, 3247.947717231222, 3254.802717900656, 3247.947717231222, 3206.81771321462, 3138.2677065202834, 3042.297697148212, 2946.327687776141, 2850.3576784040697, 2754.3876690319985, 2658.4176596599273, 2562.447650287856, 2466.477640915785, 2377.362632213147, 2253.9726201633416, 2178.567612799571, 2096.3076047663676, 2027.7575980720308, 1959.2075913776944, 1904.3675860222247, 1863.2375820056232, 1870.0925826750567, 1924.932588030526, 2020.9025974025972, 2116.8726067746684, 2212.8426161467396, 2308.812625518811, 2404.782634890882]","[3759.5364171910564, 3738.971415182755, 3725.261413843888, 3697.8414111661536, 3677.2764091578524, 3615.5814031329496]","[2733.8226670236977, 2829.792676395769, 2966.892689784442, 3008.0226938010437, 3103.9927031731154, 3179.397710536886]"
/Users/mariograndi/OneDrive - University of Sussex/PC vesicles (examples)/663 20 min/663 20m_100kV_20kX_0040.jpg,[4096 4096],1.7654,[0.71469563 0.8095244  0.7379535  0.8313656 ],1,0.8204450000000001,0.2736754349999999,0.42629345911022387,0.24999881650537437,[0.90948765 0.72433904],[0.90948765 0.72433904 0.73208773 0.474975  ],-0.6183423045698158,0.08906478440929579,[0.5 0.2],"[3800.666421207658, 3759.5364171910564, 3738.971415182755, 3697.8414111661536, 3677.2764091578524, 3615.5814031329496, 3526.4663944303115, 3430.4963850582403, 3334.526375686169, 3238.556366314098, 3149.4413576114607, 3080.891350917124, 3067.1813495782567, 3067.1813495782567, 3080.891350917124, 3101.456352925425, 3115.1663542642923, 3135.7313562725935, 3149.4413576114607, 3183.716360958629, 3279.6863703307004, 3341.381376355603, 3389.3663810416388, 3457.9163877359756, 3526.4663944303115, 3608.7264024635156, 3697.8414111661536, 3793.811420538225, 3876.071428571429, 3882.926429240862, 3882.926429240862, 3882.926429240862, 3862.361427232561, 3841.7964252242605]","[2589.867652965591, 2733.8226670236977, 2829.792676395769, 3008.0226938010437, 3103.9927031731154, 3179.397710536886, 3220.5277145534874, 3247.947717231222, 3254.802717900656, 3247.947717231222, 3206.81771321462, 3138.2677065202834, 3042.297697148212, 2946.327687776141, 2850.3576784040697, 2754.3876690319985, 2658.4176596599273, 2562.447650287856, 2466.477640915785, 2377.362632213147, 2253.9726201633416, 2178.567612799571, 2096.3076047663676, 2027.7575980720308, 1959.2075913776944, 1904.3675860222247, 1863.2375820056232, 1870.0925826750567, 1924.932588030526, 2020.9025974025972, 2116.8726067746684, 2212.8426161467396, 2308.812625518811, 2404.782634890882]","[3759.5364171910564, 3738.971415182755, 3725.261413843888, 3697.8414111661536, 3677.2764091578524, 3615.5814031329496]","[2733.8226670236977, 2829.792676395769, 2966.892689784442, 3008.0226938010437, 3103.9927031731154, 3179.397710536886]"
/Users/mariograndi/OneDrive - University of Sussex/PC vesicles (examples)/663 20 min/663 20m_100kV_20kX_0040.jpg,[4096 4096],1.7654,[0.6254635  0.88525707 0.6429064  0.90314835],1,0.8942027100000001,0.36581505000000003,0.5398062008518268,0.2823216551662421,[0.90948765 0.72433904],[0.90948765 0.72433904 0.73208773 0.474975  ],-0.6183423045698158,0.09144062847315544,[0.5 0.2],"[3800.666421207658, 3759.5364171910564, 3738.971415182755, 3697.8414111661536, 3677.2764091578524, 3615.5814031329496, 3526.4663944303115, 3430.4963850582403, 3334.526375686169, 3238.556366314098, 3149.4413576114607, 3080.891350917124, 3067.1813495782567, 3067.1813495782567, 3080.891350917124, 3101.456352925425, 3115.1663542642923, 3135.7313562725935, 3149.4413576114607, 3183.716360958629, 3279.6863703307004, 3341.381376355603, 3389.3663810416388, 3457.9163877359756, 3526.4663944303115, 3608.7264024635156, 3697.8414111661536, 3793.811420538225, 3876.071428571429, 3882.926429240862, 3882.926429240862, 3882.926429240862, 3862.361427232561, 3841.7964252242605]","[2589.867652965591, 2733.8226670236977, 2829.792676395769, 3008.0226938010437, 3103.9927031731154, 3179.397710536886, 3220.5277145534874, 3247.947717231222, 3254.802717900656, 3247.947717231222, 3206.81771321462, 3138.2677065202834, 3042.297697148212, 2946.327687776141, 2850.3576784040697, 2754.3876690319985, 2658.4176596599273, 2562.447650287856, 2466.477640915785, 2377.362632213147, 2253.9726201633416, 2178.567612799571, 2096.3076047663676, 2027.7575980720308, 1959.2075913776944, 1904.3675860222247, 1863.2375820056232, 1870.0925826750567, 1924.932588030526, 2020.9025974025972, 2116.8726067746684, 2212.8426161467396, 2308.812625518811, 2404.782634890882]","[3759.5364171910564, 3738.971415182755, 3725.261413843888, 3697.8414111661536, 3677.2764091578524, 3615.5814031329496]","[2733.8226670236977, 2829.792676395769, 2966.892689784442, 3008.0226938010437, 3103.9927031731154, 3179.397710536886]"
/Users/mariograndi/OneDrive - University of Sussex/PC vesicles (examples)/663 20 min/663 20m_100kV_20kX_0040.jpg,[4096 4096],1.7654,[0.499179   0.74656636 0.517455   0.7703313 ],1,0.7584488300000001,0.491683,0.5021522268449576,0.4635784757654871,[0.90948765 0.72433904],[0.90948765 0.72433904 0.73208773 0.474975  ],-0.6183423045698158,0.2635872625284644,[0.5 0.2],"[3800.666421207658, 3759.5364171910564, 3738.971415182755, 3697.8414111661536, 3677.2764091578524, 3615.5814031329496, 3526.4663944303115, 3430.4963850582403, 3334.526375686169, 3238.556366314098, 3149.4413576114607, 3080.891350917124, 3067.1813495782567, 3067.1813495782567, 3080.891350917124, 3101.456352925425, 3115.1663542642923, 3135.7313562725935, 3149.4413576114607, 3183.716360958629, 3279.6863703307004, 3341.381376355603, 3389.3663810416388, 3457.9163877359756, 3526.4663944303115, 3608.7264024635156, 3697.8414111661536, 3793.811420538225, 3876.071428571429, 3882.926429240862, 3882.926429240862, 3882.926429240862, 3862.361427232561, 3841.7964252242605]","[2589.867652965591, 2733.8226670236977, 2829.792676395769, 3008.0226938010437, 3103.9927031731154, 3179.397710536886, 3220.5277145534874, 3247.947717231222, 3254.802717900656, 3247.947717231222, 3206.81771321462, 3138.2677065202834, 3042.297697148212, 2946.327687776141, 2850.3576784040697, 2754.3876690319985, 2658.4176596599273, 2562.447650287856, 2466.477640915785, 2377.362632213147, 2253.9726201633416, 2178.567612799571, 2096.3076047663676, 2027.7575980720308, 1959.2075913776944, 1904.3675860222247, 1863.2375820056232, 1870.0925826750567, 1924.932588030526, 2020.9025974025972, 2116.8726067746684, 2212.8426161467396, 2308.812625518811, 2404.782634890882]","[3759.5364171910564, 3738.971415182755, 3725.261413843888, 3697.8414111661536, 3677.2764091578524, 3615.5814031329496]","[2733.8226670236977, 2829.792676395769, 2966.892689784442, 3008.0226938010437, 3103.9927031731154, 3179.397710536886]"
/Users/mariograndi/OneDrive - University of Sussex/PC vesicles (examples)/663 20 min/663 20m_100kV_20kX_0040.jpg,[4096 4096],1.7654,[0.6035116  0.78622425 0.6263226  0.8158796 ],1,0.801051925,0.3850829,0.4750724545005796,0.3520200114816612,[0.90948765 0.72433904],[0.90948765 0.72433904 0.73208773 0.474975  ],-0.6183423045698158,0.15405020745039605,[0.5 0.2],"[3800.666421207658, 3759.5364171910564, 3738.971415182755, 3697.8414111661536, 3677.2764091578524, 3615.5814031329496, 3526.4663944303115, 3430.4963850582403, 3334.526375686169, 3238.556366314098, 3149.4413576114607, 3080.891350917124, 3067.1813495782567, 3067.1813495782567, 3080.891350917124, 3101.456352925425, 3115.1663542642923, 3135.7313562725935, 3149.4413576114607, 3183.716360958629, 3279.6863703307004, 3341.381376355603, 3389.3663810416388, 3457.9163877359756, 3526.4663944303115, 3608.7264024635156, 3697.8414111661536, 3793.811420538225, 3876.071428571429, 3882.926429240862, 3882.926429240862, 3882.926429240862, 3862.361427232561, 3841.7964252242605]","[2589.867652965591, 2733.8226670236977, 2829.792676395769, 3008.0226938010437, 3103.9927031731154, 3179.397710536886, 3220.5277145534874, 3247.947717231222, 3254.802717900656, 3247.947717231222, 3206.81771321462, 3138.2677065202834, 3042.297697148212, 2946.327687776141, 2850.3576784040697, 2754.3876690319985, 2658.4176596599273, 2562.447650287856, 2466.477640915785, 2377.362632213147, 2253.9726201633416, 2178.567612799571, 2096.3076047663676, 2027.7575980720308, 1959.2075913776944, 1904.3675860222247, 1863.2375820056232, 1870.0925826750567, 1924.932588030526, 2020.9025974025972, 2116.8726067746684, 2212.8426161467396, 2308.812625518811, 2404.782634890882]","[3759.5364171910564, 3738.971415182755, 3725.261413843888, 3697.8414111661536, 3677.2764091578524, 3615.5814031329496]","[2733.8226670236977, 2829.792676395769, 2966.892689784442, 3008.0226938010437, 3103.9927031731154, 3179.397710536886]"
/Users/mariograndi/OneDrive - University of Sussex/PC vesicles (examples)/663 20 min/663 20m_100kV_20kX_0040.jpg,[4096 4096],1.7654,[0.5911947  0.94043964 0.60769206 0.957087  ],1,0.9487633200000001,0.40055662000000003,0.604403570490212,0.2790025159045003,[0.90948765 0.72433904],[0.90948765 0.72433904 0.73208773 0.474975  ],-0.6183423045698158,0.13092556301328437,[0.5 0.2],"[3800.666421207658, 3759.5364171910564, 3738.971415182755, 3697.8414111661536, 3677.2764091578524, 3615.5814031329496, 3526.4663944303115, 3430.4963850582403, 3334.526375686169, 3238.556366314098, 3149.4413576114607, 3080.891350917124, 3067.1813495782567, 3067.1813495782567, 3080.891350917124, 3101.456352925425, 3115.1663542642923, 3135.7313562725935, 3149.4413576114607, 3183.716360958629, 3279.6863703307004, 3341.381376355603, 3389.3663810416388, 3457.9163877359756, 3526.4663944303115, 3608.7264024635156, 3697.8414111661536, 3793.811420538225, 3876.071428571429, 3882.926429240862, 3882.926429240862, 3882.926429240862, 3862.361427232561, 3841.7964252242605]","[2589.867652965591, 2733.8226670236977, 2829.792676395769, 3008.0226938010437, 3103.9927031731154, 3179.397710536886, 3220.5277145534874, 3247.947717231222, 3254.802717900656, 3247.947717231222, 3206.81771321462, 3138.2677065202834, 3042.297697148212, 2946.327687776141, 2850.3576784040697, 2754.3876690319985, 2658.4176596599273, 2562.447650287856, 2466.477640915785, 2377.362632213147, 2253.9726201633416, 2178.567612799571, 2096.3076047663676, 2027.7575980720308, 1959.2075913776944, 1904.3675860222247, 1863.2375820056232, 1870.0925826750567, 1924.932588030526, 2020.9025974025972, 2116.8726067746684, 2212.8426161467396, 2308.812625518811, 2404.782634890882]","[3759.5364171910564, 3738.971415182755, 3725.261413843888, 3697.8414111661536, 3677.2764091578524, 3615.5814031329496]","[2733.8226670236977, 2829.792676395769, 2966.892689784442, 3008.0226938010437, 3103.9927031731154, 3179.397710536886]"
/Users/mariograndi/OneDrive - University of Sussex/PC vesicles (examples)/663 20 min/663 20m_100kV_20kX_0040.jpg,[4096 4096],1.7654,[0.6894934  0.80034274 0.717515   0.8283668 ],1,0.81435477,0.2964958,0.43455952080084004,0.27212419072397365,[0.90948765 0.72433904],[0.90948765 0.72433904 0.73208773 0.474975  ],-0.6183423045698158,0.09738765427611351,[0.5 0.2],"[3800.666421207658, 3759.5364171910564, 3738.971415182755, 3697.8414111661536, 3677.2764091578524, 3615.5814031329496, 3526.4663944303115, 3430.4963850582403, 3334.526375686169, 3238.556366314098, 3149.4413576114607, 3080.891350917124, 3067.1813495782567, 3067.1813495782567, 3080.891350917124, 3101.456352925425, 3115.1663542642923, 3135.7313562725935, 3149.4413576114607, 3183.716360958629, 3279.6863703307004, 3341.381376355603, 3389.3663810416388, 3457.9163877359756, 3526.4663944303115, 3608.7264024635156, 3697.8414111661536, 3793.811420538225, 3876.071428571429, 3882.926429240862, 3882.926429240862, 3882.926429240862, 3862.361427232561, 3841.7964252242605]","[2589.867652965591, 2733.8226670236977, 2829.792676395769, 3008.0226938010437, 3103.9927031731154, 3179.397710536886, 3220.5277145534874, 3247.947717231222, 3254.802717900656, 3247.947717231222, 3206.81771321462, 3138.2677065202834, 3042.297697148212, 2946.327687776141, 2850.3576784040697, 2754.3876690319985, 2658.4176596599273, 2562.447650287856, 2466.477640915785, 2377.362632213147, 2253.9726201633416, 2178.567612799571, 2096.3076047663676, 2027.7575980720308, 1959.2075913776944, 1904.3675860222247, 1863.2375820056232, 1870.0925826750567, 1924.932588030526, 2020.9025974025972, 2116.8726067746684, 2212.8426161467396, 2308.812625518811, 2404.782634890882]","[3759.5364171910564, 3738.971415182755, 3725.261413843888, 3697.8414111661536, 3677.2764091578524, 3615.5814031329496]","[2733.8226670236977, 2829.792676395769, 2966.892689784442, 3008.0226938010437, 3103.9927031731154, 3179.397710536886]"
