path_to_image_dir,image_size,scale,detection_boxes,x,y,origin,north,rotation,accepted_radius,new_x,new_y,reference_point,border_area_x,border_area_y,active_zone_x,active_zone_y
/Users/mariograndi/TensorFlow/workspace/yt_tutorial/images/test/20000X_0043.jpeg,"[4091.0, 4095.0]",1.7654,"[0.77554774, 0.4407113, 0.7967025, 0.46598062]",0.45334596,0.21387488,"[0.54253011, 0.7725432]","[0.54253011, 0.7725432, 0.41779893, 0.63790781]",-0.7472305922746085,0.0902124227723251,0.4253464379303399,0.2506470817793496,"[0.5, 0.2]","[2424.773835125448, 2424.773835125448, 2413.043369175627, 2383.717204301075, 2330.9301075268813, 2272.2777777777774, 2178.434050179211, 2108.0512544802864, 2025.9379928315411, 1943.8247311827954, 1861.7114695340497, 1773.7329749103942, 1691.6197132616485, 1621.2369175627236, 1562.5845878136197, 1503.9322580645157, 1498.0670250896055, 1521.5279569892468, 1556.7193548387095, 1597.7759856630823, 1650.5630824372756, 1762.0025089605733, 1838.2505376344084, 1914.4985663082434, 1990.7465949820785, 2072.859856630824, 2154.9731182795695, 2237.086379928315, 2307.46917562724, 2366.121505376344, 2389.5824372759853]","[2752.9980931899645, 2835.11135483871, 2917.2246164874555, 2993.4726451612905, 3057.9902078853047, 3116.6425376344087, 3181.1601003584233, 3228.0819641577064, 3245.677663082438, 3263.2733620071685, 3269.138594982079, 3269.138594982079, 3251.542896057348, 3204.6210322580646, 3145.9687025089606, 3087.3163727598567, 3005.2031111111114, 2923.089849462366, 2846.8418207885306, 2776.4590250896063, 2706.0762293906814, 2606.3672688172046, 2571.1758709677424, 2535.9844731182798, 2494.9278422939074, 2471.4669103942656, 2471.4669103942656, 2471.4669103942656, 2512.5235412186385, 2571.1758709677424, 2653.2891326164877]","[2383.717204301075, 2330.9301075268813, 2272.2777777777774, 2219.490681003584, 2178.434050179211, 2108.0512544802864, 2025.9379928315411, 2413.043369175627, 1943.8247311827954]","[2993.4726451612905, 3057.9902078853047, 3116.6425376344087, 3163.564401433692, 3181.1601003584233, 3228.0819641577064, 3245.677663082438, 2917.2246164874555, 3263.2733620071685]"
/Users/mariograndi/TensorFlow/workspace/yt_tutorial/images/test/20000X_0043.jpeg,"[4091.0, 4095.0]",1.7654,"[0.7565672, 0.468043, 0.7800724, 0.4916059]",0.4798244499999999,0.2316802,"[0.54253011, 0.7725432]","[0.54253011, 0.7725432, 0.41779893, 0.63790781]",-0.7472305922746085,0.0628477281113708,0.4568710343906572,0.2457135565694566,"[0.5, 0.2]","[2424.773835125448, 2424.773835125448, 2413.043369175627, 2383.717204301075, 2330.9301075268813, 2272.2777777777774, 2178.434050179211, 2108.0512544802864, 2025.9379928315411, 1943.8247311827954, 1861.7114695340497, 1773.7329749103942, 1691.6197132616485, 1621.2369175627236, 1562.5845878136197, 1503.9322580645157, 1498.0670250896055, 1521.5279569892468, 1556.7193548387095, 1597.7759856630823, 1650.5630824372756, 1762.0025089605733, 1838.2505376344084, 1914.4985663082434, 1990.7465949820785, 2072.859856630824, 2154.9731182795695, 2237.086379928315, 2307.46917562724, 2366.121505376344, 2389.5824372759853]","[2752.9980931899645, 2835.11135483871, 2917.2246164874555, 2993.4726451612905, 3057.9902078853047, 3116.6425376344087, 3181.1601003584233, 3228.0819641577064, 3245.677663082438, 3263.2733620071685, 3269.138594982079, 3269.138594982079, 3251.542896057348, 3204.6210322580646, 3145.9687025089606, 3087.3163727598567, 3005.2031111111114, 2923.089849462366, 2846.8418207885306, 2776.4590250896063, 2706.0762293906814, 2606.3672688172046, 2571.1758709677424, 2535.9844731182798, 2494.9278422939074, 2471.4669103942656, 2471.4669103942656, 2471.4669103942656, 2512.5235412186385, 2571.1758709677424, 2653.2891326164877]","[2383.717204301075, 2330.9301075268813, 2272.2777777777774, 2219.490681003584, 2178.434050179211, 2108.0512544802864, 2025.9379928315411, 2413.043369175627, 1943.8247311827954]","[2993.4726451612905, 3057.9902078853047, 3116.6425376344087, 3163.564401433692, 3181.1601003584233, 3228.0819641577064, 3245.677663082438, 2917.2246164874555, 3263.2733620071685]"
/Users/mariograndi/TensorFlow/workspace/yt_tutorial/images/test/20000X_0043.jpeg,"[4091.0, 4095.0]",1.7654,"[0.6995727, 0.55803496, 0.7210711, 0.58123845]",0.569636705,0.2896780999999999,"[0.54253011, 0.7725432]","[0.54253011, 0.7725432, 0.41779893, 0.63790781]",-0.7472305922746085,0.0678694156084308,0.5621708926813216,0.2272220072411551,"[0.5, 0.2]","[2424.773835125448, 2424.773835125448, 2413.043369175627, 2383.717204301075, 2330.9301075268813, 2272.2777777777774, 2178.434050179211, 2108.0512544802864, 2025.9379928315411, 1943.8247311827954, 1861.7114695340497, 1773.7329749103942, 1691.6197132616485, 1621.2369175627236, 1562.5845878136197, 1503.9322580645157, 1498.0670250896055, 1521.5279569892468, 1556.7193548387095, 1597.7759856630823, 1650.5630824372756, 1762.0025089605733, 1838.2505376344084, 1914.4985663082434, 1990.7465949820785, 2072.859856630824, 2154.9731182795695, 2237.086379928315, 2307.46917562724, 2366.121505376344, 2389.5824372759853]","[2752.9980931899645, 2835.11135483871, 2917.2246164874555, 2993.4726451612905, 3057.9902078853047, 3116.6425376344087, 3181.1601003584233, 3228.0819641577064, 3245.677663082438, 3263.2733620071685, 3269.138594982079, 3269.138594982079, 3251.542896057348, 3204.6210322580646, 3145.9687025089606, 3087.3163727598567, 3005.2031111111114, 2923.089849462366, 2846.8418207885306, 2776.4590250896063, 2706.0762293906814, 2606.3672688172046, 2571.1758709677424, 2535.9844731182798, 2494.9278422939074, 2471.4669103942656, 2471.4669103942656, 2471.4669103942656, 2512.5235412186385, 2571.1758709677424, 2653.2891326164877]","[2383.717204301075, 2330.9301075268813, 2272.2777777777774, 2219.490681003584, 2178.434050179211, 2108.0512544802864, 2025.9379928315411, 2413.043369175627, 1943.8247311827954]","[2993.4726451612905, 3057.9902078853047, 3116.6425376344087, 3163.564401433692, 3181.1601003584233, 3228.0819641577064, 3245.677663082438, 2917.2246164874555, 3263.2733620071685]"
/Users/mariograndi/TensorFlow/workspace/yt_tutorial/images/test/20000X_0043.jpeg,"[4091.0, 4095.0]",1.7654,"[0.7373849, 0.5131228, 0.7573308, 0.53410876]",0.52361578,0.25264215,"[0.54253011, 0.7725432]","[0.54253011, 0.7725432, 0.41779893, 0.63790781]",-0.7472305922746085,0.0314968841568798,0.5032411533083172,0.2313296766153736,"[0.5, 0.2]","[2424.773835125448, 2424.773835125448, 2413.043369175627, 2383.717204301075, 2330.9301075268813, 2272.2777777777774, 2178.434050179211, 2108.0512544802864, 2025.9379928315411, 1943.8247311827954, 1861.7114695340497, 1773.7329749103942, 1691.6197132616485, 1621.2369175627236, 1562.5845878136197, 1503.9322580645157, 1498.0670250896055, 1521.5279569892468, 1556.7193548387095, 1597.7759856630823, 1650.5630824372756, 1762.0025089605733, 1838.2505376344084, 1914.4985663082434, 1990.7465949820785, 2072.859856630824, 2154.9731182795695, 2237.086379928315, 2307.46917562724, 2366.121505376344, 2389.5824372759853]","[2752.9980931899645, 2835.11135483871, 2917.2246164874555, 2993.4726451612905, 3057.9902078853047, 3116.6425376344087, 3181.1601003584233, 3228.0819641577064, 3245.677663082438, 3263.2733620071685, 3269.138594982079, 3269.138594982079, 3251.542896057348, 3204.6210322580646, 3145.9687025089606, 3087.3163727598567, 3005.2031111111114, 2923.089849462366, 2846.8418207885306, 2776.4590250896063, 2706.0762293906814, 2606.3672688172046, 2571.1758709677424, 2535.9844731182798, 2494.9278422939074, 2471.4669103942656, 2471.4669103942656, 2471.4669103942656, 2512.5235412186385, 2571.1758709677424, 2653.2891326164877]","[2383.717204301075, 2330.9301075268813, 2272.2777777777774, 2219.490681003584, 2178.434050179211, 2108.0512544802864, 2025.9379928315411, 2413.043369175627, 1943.8247311827954]","[2993.4726451612905, 3057.9902078853047, 3116.6425376344087, 3163.564401433692, 3181.1601003584233, 3228.0819641577064, 3245.677663082438, 2917.2246164874555, 3263.2733620071685]"
/Users/mariograndi/TensorFlow/workspace/yt_tutorial/images/test/663 20m_100kV_20kX_0017.jpg,"[4096.0, 4096.0]",1.7654,"[0.37883192, 0.3633058, 0.39980882, 0.38526374]",0.37428477,0.61067963,"[0.41636538, 0.53194961]","[0.41636538, 0.53194961, 0.42783492, 0.36707506]",0.0694533259953223,0.148707361860857,0.4481227245875223,0.3393650880507518,"[0.5, 0.2]","[1758.284229390681, 1840.4978494623656, 1922.7114695340501, 1987.3078853046595, 2046.0318996415772, 2104.755913978495, 2134.1179211469534, 2192.841935483871, 2204.5867383512546, 2175.224731182796, 2122.37311827957, 2046.0318996415772, 1969.6906810035844, 1893.3494623655915, 1817.0082437275987, 1717.177419354839, 1634.9637992831545, 1552.7501792114695, 1476.4089605734766, 1400.0677419354838, 1294.3645161290324, 1212.1508960573478, 1129.9372759856633, 1071.2132616487456, 1012.4892473118281, 971.3824372759856, 953.7652329749104, 947.8928315412187, 988.999641577061, 1059.4684587813622, 1135.809677419355, 1218.0232974910396, 1300.236917562724, 1376.578136200717, 1458.7917562724015, 1541.005376344086, 1617.3465949820788]","[2184.7380215053768, 2190.6104229390685, 2167.1208172043016, 2114.2692043010757, 2055.545189964158, 1996.8211756272408, 1914.6075555555558, 1838.266336917563, 1756.0527168458784, 1679.7114982078856, 1615.1150824372762, 1585.7530752688176, 1556.391068100359, 1527.0290609319, 1491.7946523297496, 1480.0498494623662, 1468.3050465949823, 1444.8154408602154, 1409.581032258065, 1438.9430394265237, 1433.070637992832, 1456.5602437275988, 1462.4326451612906, 1527.0290609319, 1585.7530752688176, 1662.0942939068104, 1750.1803154121867, 1850.0111397849469, 1920.4799569892475, 1967.4591684587817, 1996.8211756272408, 2020.3107813620077, 2043.8003870967746, 2073.1623942652336, 2084.907197132617, 2096.6520000000005, 2126.014007168459]","[1617.3465949820788, 1705.432616487455, 1758.284229390681, 1840.4978494623656, 1922.7114695340501]","[2126.014007168459, 2178.865620071685, 2184.7380215053768, 2190.6104229390685, 2167.1208172043016]"
/Users/mariograndi/TensorFlow/workspace/yt_tutorial/images/test/663 20m_100kV_20kX_0017.jpg,"[4096.0, 4096.0]",1.7654,"[0.44328445, 0.37418428, 0.46524328, 0.39796308]",0.38607368,0.5457361350000001,"[0.41636538, 0.53194961]","[0.41636538, 0.53194961, 0.42783492, 0.36707506]",0.0694533259953223,0.0833826302372657,0.464390128858176,0.2753962870607518,"[0.5, 0.2]","[1758.284229390681, 1840.4978494623656, 1922.7114695340501, 1987.3078853046595, 2046.0318996415772, 2104.755913978495, 2134.1179211469534, 2192.841935483871, 2204.5867383512546, 2175.224731182796, 2122.37311827957, 2046.0318996415772, 1969.6906810035844, 1893.3494623655915, 1817.0082437275987, 1717.177419354839, 1634.9637992831545, 1552.7501792114695, 1476.4089605734766, 1400.0677419354838, 1294.3645161290324, 1212.1508960573478, 1129.9372759856633, 1071.2132616487456, 1012.4892473118281, 971.3824372759856, 953.7652329749104, 947.8928315412187, 988.999641577061, 1059.4684587813622, 1135.809677419355, 1218.0232974910396, 1300.236917562724, 1376.578136200717, 1458.7917562724015, 1541.005376344086, 1617.3465949820788]","[2184.7380215053768, 2190.6104229390685, 2167.1208172043016, 2114.2692043010757, 2055.545189964158, 1996.8211756272408, 1914.6075555555558, 1838.266336917563, 1756.0527168458784, 1679.7114982078856, 1615.1150824372762, 1585.7530752688176, 1556.391068100359, 1527.0290609319, 1491.7946523297496, 1480.0498494623662, 1468.3050465949823, 1444.8154408602154, 1409.581032258065, 1438.9430394265237, 1433.070637992832, 1456.5602437275988, 1462.4326451612906, 1527.0290609319, 1585.7530752688176, 1662.0942939068104, 1750.1803154121867, 1850.0111397849469, 1920.4799569892475, 1967.4591684587817, 1996.8211756272408, 2020.3107813620077, 2043.8003870967746, 2073.1623942652336, 2084.907197132617, 2096.6520000000005, 2126.014007168459]","[1617.3465949820788, 1705.432616487455, 1758.284229390681, 1840.4978494623656, 1922.7114695340501]","[2126.014007168459, 2178.865620071685, 2184.7380215053768, 2190.6104229390685, 2167.1208172043016]"
/Users/mariograndi/TensorFlow/workspace/yt_tutorial/images/test/663 20m_100kV_20kX_0017.jpg,"[4096.0, 4096.0]",1.7654,"[0.422567, 0.3804543, 0.4443468, 0.39966655]",0.390060425,0.5665431,"[0.41636538, 0.53194961]","[0.41636538, 0.53194961, 0.42783492, 0.36707506]",0.0694533259953223,0.1019449149288512,0.466923310774102,0.2964297584239641,"[0.5, 0.2]","[1758.284229390681, 1840.4978494623656, 1922.7114695340501, 1987.3078853046595, 2046.0318996415772, 2104.755913978495, 2134.1179211469534, 2192.841935483871, 2204.5867383512546, 2175.224731182796, 2122.37311827957, 2046.0318996415772, 1969.6906810035844, 1893.3494623655915, 1817.0082437275987, 1717.177419354839, 1634.9637992831545, 1552.7501792114695, 1476.4089605734766, 1400.0677419354838, 1294.3645161290324, 1212.1508960573478, 1129.9372759856633, 1071.2132616487456, 1012.4892473118281, 971.3824372759856, 953.7652329749104, 947.8928315412187, 988.999641577061, 1059.4684587813622, 1135.809677419355, 1218.0232974910396, 1300.236917562724, 1376.578136200717, 1458.7917562724015, 1541.005376344086, 1617.3465949820788]","[2184.7380215053768, 2190.6104229390685, 2167.1208172043016, 2114.2692043010757, 2055.545189964158, 1996.8211756272408, 1914.6075555555558, 1838.266336917563, 1756.0527168458784, 1679.7114982078856, 1615.1150824372762, 1585.7530752688176, 1556.391068100359, 1527.0290609319, 1491.7946523297496, 1480.0498494623662, 1468.3050465949823, 1444.8154408602154, 1409.581032258065, 1438.9430394265237, 1433.070637992832, 1456.5602437275988, 1462.4326451612906, 1527.0290609319, 1585.7530752688176, 1662.0942939068104, 1750.1803154121867, 1850.0111397849469, 1920.4799569892475, 1967.4591684587817, 1996.8211756272408, 2020.3107813620077, 2043.8003870967746, 2073.1623942652336, 2084.907197132617, 2096.6520000000005, 2126.014007168459]","[1617.3465949820788, 1705.432616487455, 1758.284229390681, 1840.4978494623656, 1922.7114695340501]","[2126.014007168459, 2178.865620071685, 2184.7380215053768, 2190.6104229390685, 2167.1208172043016]"
/Users/mariograndi/TensorFlow/workspace/yt_tutorial/images/test/663 20m_100kV_20kX_0017.jpg,"[4096.0, 4096.0]",1.7654,"[0.46460265, 0.35146448, 0.48493505, 0.3741077]",0.36278609,0.52523115,"[0.41636538, 0.53194961]","[0.41636538, 0.53194961, 0.42783492, 0.36707506]",0.0694533259953223,0.0783605809284452,0.4425816779403426,0.253324637226116,"[0.5, 0.2]","[1758.284229390681, 1840.4978494623656, 1922.7114695340501, 1987.3078853046595, 2046.0318996415772, 2104.755913978495, 2134.1179211469534, 2192.841935483871, 2204.5867383512546, 2175.224731182796, 2122.37311827957, 2046.0318996415772, 1969.6906810035844, 1893.3494623655915, 1817.0082437275987, 1717.177419354839, 1634.9637992831545, 1552.7501792114695, 1476.4089605734766, 1400.0677419354838, 1294.3645161290324, 1212.1508960573478, 1129.9372759856633, 1071.2132616487456, 1012.4892473118281, 971.3824372759856, 953.7652329749104, 947.8928315412187, 988.999641577061, 1059.4684587813622, 1135.809677419355, 1218.0232974910396, 1300.236917562724, 1376.578136200717, 1458.7917562724015, 1541.005376344086, 1617.3465949820788]","[2184.7380215053768, 2190.6104229390685, 2167.1208172043016, 2114.2692043010757, 2055.545189964158, 1996.8211756272408, 1914.6075555555558, 1838.266336917563, 1756.0527168458784, 1679.7114982078856, 1615.1150824372762, 1585.7530752688176, 1556.391068100359, 1527.0290609319, 1491.7946523297496, 1480.0498494623662, 1468.3050465949823, 1444.8154408602154, 1409.581032258065, 1438.9430394265237, 1433.070637992832, 1456.5602437275988, 1462.4326451612906, 1527.0290609319, 1585.7530752688176, 1662.0942939068104, 1750.1803154121867, 1850.0111397849469, 1920.4799569892475, 1967.4591684587817, 1996.8211756272408, 2020.3107813620077, 2043.8003870967746, 2073.1623942652336, 2084.907197132617, 2096.6520000000005, 2126.014007168459]","[1617.3465949820788, 1705.432616487455, 1758.284229390681, 1840.4978494623656, 1922.7114695340501]","[2126.014007168459, 2178.865620071685, 2184.7380215053768, 2190.6104229390685, 2167.1208172043016]"
/Users/mariograndi/TensorFlow/workspace/yt_tutorial/images/test/663 20m_100kV_20kX_0017.jpg,"[4096.0, 4096.0]",1.7654,"[0.41541338, 0.41808146, 0.43576008, 0.43781918]",0.42795032,0.57441327,"[0.41636538, 0.53194961]","[0.41636538, 0.53194961, 0.42783492, 0.36707506]",0.0694533259953223,0.1069919336818951,0.504175686402452,0.3069104181829789,"[0.5, 0.2]","[1758.284229390681, 1840.4978494623656, 1922.7114695340501, 1987.3078853046595, 2046.0318996415772, 2104.755913978495, 2134.1179211469534, 2192.841935483871, 2204.5867383512546, 2175.224731182796, 2122.37311827957, 2046.0318996415772, 1969.6906810035844, 1893.3494623655915, 1817.0082437275987, 1717.177419354839, 1634.9637992831545, 1552.7501792114695, 1476.4089605734766, 1400.0677419354838, 1294.3645161290324, 1212.1508960573478, 1129.9372759856633, 1071.2132616487456, 1012.4892473118281, 971.3824372759856, 953.7652329749104, 947.8928315412187, 988.999641577061, 1059.4684587813622, 1135.809677419355, 1218.0232974910396, 1300.236917562724, 1376.578136200717, 1458.7917562724015, 1541.005376344086, 1617.3465949820788]","[2184.7380215053768, 2190.6104229390685, 2167.1208172043016, 2114.2692043010757, 2055.545189964158, 1996.8211756272408, 1914.6075555555558, 1838.266336917563, 1756.0527168458784, 1679.7114982078856, 1615.1150824372762, 1585.7530752688176, 1556.391068100359, 1527.0290609319, 1491.7946523297496, 1480.0498494623662, 1468.3050465949823, 1444.8154408602154, 1409.581032258065, 1438.9430394265237, 1433.070637992832, 1456.5602437275988, 1462.4326451612906, 1527.0290609319, 1585.7530752688176, 1662.0942939068104, 1750.1803154121867, 1850.0111397849469, 1920.4799569892475, 1967.4591684587817, 1996.8211756272408, 2020.3107813620077, 2043.8003870967746, 2073.1623942652336, 2084.907197132617, 2096.6520000000005, 2126.014007168459]","[1617.3465949820788, 1705.432616487455, 1758.284229390681, 1840.4978494623656, 1922.7114695340501]","[2126.014007168459, 2178.865620071685, 2184.7380215053768, 2190.6104229390685, 2167.1208172043016]"
/Users/mariograndi/TensorFlow/workspace/yt_tutorial/images/test/663 20m_100kV_20kX_0017.jpg,"[4096.0, 4096.0]",1.7654,"[0.46455765, 0.42299363, 0.48793852, 0.45028892]",0.436641275,0.5237519150000001,"[0.41636538, 0.53194961]","[0.41636538, 0.53194961, 0.42783492, 0.36707506]",0.0694533259953223,0.0592770789055861,0.5163614597375751,0.2569743338603866,"[0.5, 0.2]","[1758.284229390681, 1840.4978494623656, 1922.7114695340501, 1987.3078853046595, 2046.0318996415772, 2104.755913978495, 2134.1179211469534, 2192.841935483871, 2204.5867383512546, 2175.224731182796, 2122.37311827957, 2046.0318996415772, 1969.6906810035844, 1893.3494623655915, 1817.0082437275987, 1717.177419354839, 1634.9637992831545, 1552.7501792114695, 1476.4089605734766, 1400.0677419354838, 1294.3645161290324, 1212.1508960573478, 1129.9372759856633, 1071.2132616487456, 1012.4892473118281, 971.3824372759856, 953.7652329749104, 947.8928315412187, 988.999641577061, 1059.4684587813622, 1135.809677419355, 1218.0232974910396, 1300.236917562724, 1376.578136200717, 1458.7917562724015, 1541.005376344086, 1617.3465949820788]","[2184.7380215053768, 2190.6104229390685, 2167.1208172043016, 2114.2692043010757, 2055.545189964158, 1996.8211756272408, 1914.6075555555558, 1838.266336917563, 1756.0527168458784, 1679.7114982078856, 1615.1150824372762, 1585.7530752688176, 1556.391068100359, 1527.0290609319, 1491.7946523297496, 1480.0498494623662, 1468.3050465949823, 1444.8154408602154, 1409.581032258065, 1438.9430394265237, 1433.070637992832, 1456.5602437275988, 1462.4326451612906, 1527.0290609319, 1585.7530752688176, 1662.0942939068104, 1750.1803154121867, 1850.0111397849469, 1920.4799569892475, 1967.4591684587817, 1996.8211756272408, 2020.3107813620077, 2043.8003870967746, 2073.1623942652336, 2084.907197132617, 2096.6520000000005, 2126.014007168459]","[1617.3465949820788, 1705.432616487455, 1758.284229390681, 1840.4978494623656, 1922.7114695340501]","[2126.014007168459, 2178.865620071685, 2184.7380215053768, 2190.6104229390685, 2167.1208172043016]"
/Users/mariograndi/TensorFlow/workspace/yt_tutorial/images/test/663 20m_100kV_20kX_0017.jpg,"[4096.0, 4096.0]",1.7654,"[0.48211923, 0.3623762, 0.5063906, 0.38717288]",0.37477454,0.505745085,"[0.41636538, 0.53194961]","[0.41636538, 0.53194961, 0.42783492, 0.36707506]",0.0694533259953223,0.0561309961756773,0.4558935090611382,0.2347175199104719,"[0.5, 0.2]","[1758.284229390681, 1840.4978494623656, 1922.7114695340501, 1987.3078853046595, 2046.0318996415772, 2104.755913978495, 2134.1179211469534, 2192.841935483871, 2204.5867383512546, 2175.224731182796, 2122.37311827957, 2046.0318996415772, 1969.6906810035844, 1893.3494623655915, 1817.0082437275987, 1717.177419354839, 1634.9637992831545, 1552.7501792114695, 1476.4089605734766, 1400.0677419354838, 1294.3645161290324, 1212.1508960573478, 1129.9372759856633, 1071.2132616487456, 1012.4892473118281, 971.3824372759856, 953.7652329749104, 947.8928315412187, 988.999641577061, 1059.4684587813622, 1135.809677419355, 1218.0232974910396, 1300.236917562724, 1376.578136200717, 1458.7917562724015, 1541.005376344086, 1617.3465949820788]","[2184.7380215053768, 2190.6104229390685, 2167.1208172043016, 2114.2692043010757, 2055.545189964158, 1996.8211756272408, 1914.6075555555558, 1838.266336917563, 1756.0527168458784, 1679.7114982078856, 1615.1150824372762, 1585.7530752688176, 1556.391068100359, 1527.0290609319, 1491.7946523297496, 1480.0498494623662, 1468.3050465949823, 1444.8154408602154, 1409.581032258065, 1438.9430394265237, 1433.070637992832, 1456.5602437275988, 1462.4326451612906, 1527.0290609319, 1585.7530752688176, 1662.0942939068104, 1750.1803154121867, 1850.0111397849469, 1920.4799569892475, 1967.4591684587817, 1996.8211756272408, 2020.3107813620077, 2043.8003870967746, 2073.1623942652336, 2084.907197132617, 2096.6520000000005, 2126.014007168459]","[1617.3465949820788, 1705.432616487455, 1758.284229390681, 1840.4978494623656, 1922.7114695340501]","[2126.014007168459, 2178.865620071685, 2184.7380215053768, 2190.6104229390685, 2167.1208172043016]"
/Users/mariograndi/TensorFlow/workspace/yt_tutorial/images/test/663 20m_100kV_20kX_0017.jpg,"[4096.0, 4096.0]",1.7654,"[0.4737925, 0.45210543, 0.49409056, 0.47034982]",0.461227625,0.5160584699999999,"[0.41636538, 0.53194961]","[0.41636538, 0.53194961, 0.42783492, 0.36707506]",0.0694533259953223,0.0657069002765653,0.5414224400524414,0.2510056683522174,"[0.5, 0.2]","[1758.284229390681, 1840.4978494623656, 1922.7114695340501, 1987.3078853046595, 2046.0318996415772, 2104.755913978495, 2134.1179211469534, 2192.841935483871, 2204.5867383512546, 2175.224731182796, 2122.37311827957, 2046.0318996415772, 1969.6906810035844, 1893.3494623655915, 1817.0082437275987, 1717.177419354839, 1634.9637992831545, 1552.7501792114695, 1476.4089605734766, 1400.0677419354838, 1294.3645161290324, 1212.1508960573478, 1129.9372759856633, 1071.2132616487456, 1012.4892473118281, 971.3824372759856, 953.7652329749104, 947.8928315412187, 988.999641577061, 1059.4684587813622, 1135.809677419355, 1218.0232974910396, 1300.236917562724, 1376.578136200717, 1458.7917562724015, 1541.005376344086, 1617.3465949820788]","[2184.7380215053768, 2190.6104229390685, 2167.1208172043016, 2114.2692043010757, 2055.545189964158, 1996.8211756272408, 1914.6075555555558, 1838.266336917563, 1756.0527168458784, 1679.7114982078856, 1615.1150824372762, 1585.7530752688176, 1556.391068100359, 1527.0290609319, 1491.7946523297496, 1480.0498494623662, 1468.3050465949823, 1444.8154408602154, 1409.581032258065, 1438.9430394265237, 1433.070637992832, 1456.5602437275988, 1462.4326451612906, 1527.0290609319, 1585.7530752688176, 1662.0942939068104, 1750.1803154121867, 1850.0111397849469, 1920.4799569892475, 1967.4591684587817, 1996.8211756272408, 2020.3107813620077, 2043.8003870967746, 2073.1623942652336, 2084.907197132617, 2096.6520000000005, 2126.014007168459]","[1617.3465949820788, 1705.432616487455, 1758.284229390681, 1840.4978494623656, 1922.7114695340501]","[2126.014007168459, 2178.865620071685, 2184.7380215053768, 2190.6104229390685, 2167.1208172043016]"
/Users/mariograndi/TensorFlow/workspace/yt_tutorial/images/test/663 20m_100kV_20kX_0017.jpg,"[4096.0, 4096.0]",1.7654,"[0.49981216, 0.3790503, 0.52058214, 0.40312558]",0.39108794,0.48980285,"[0.41636538, 0.53194961]","[0.41636538, 0.53194961, 0.42783492, 0.36707506]",0.0694533259953223,0.0333484470694579,0.4732739301558097,0.2199458294544976,"[0.5, 0.2]","[1758.284229390681, 1840.4978494623656, 1922.7114695340501, 1987.3078853046595, 2046.0318996415772, 2104.755913978495, 2134.1179211469534, 2192.841935483871, 2204.5867383512546, 2175.224731182796, 2122.37311827957, 2046.0318996415772, 1969.6906810035844, 1893.3494623655915, 1817.0082437275987, 1717.177419354839, 1634.9637992831545, 1552.7501792114695, 1476.4089605734766, 1400.0677419354838, 1294.3645161290324, 1212.1508960573478, 1129.9372759856633, 1071.2132616487456, 1012.4892473118281, 971.3824372759856, 953.7652329749104, 947.8928315412187, 988.999641577061, 1059.4684587813622, 1135.809677419355, 1218.0232974910396, 1300.236917562724, 1376.578136200717, 1458.7917562724015, 1541.005376344086, 1617.3465949820788]","[2184.7380215053768, 2190.6104229390685, 2167.1208172043016, 2114.2692043010757, 2055.545189964158, 1996.8211756272408, 1914.6075555555558, 1838.266336917563, 1756.0527168458784, 1679.7114982078856, 1615.1150824372762, 1585.7530752688176, 1556.391068100359, 1527.0290609319, 1491.7946523297496, 1480.0498494623662, 1468.3050465949823, 1444.8154408602154, 1409.581032258065, 1438.9430394265237, 1433.070637992832, 1456.5602437275988, 1462.4326451612906, 1527.0290609319, 1585.7530752688176, 1662.0942939068104, 1750.1803154121867, 1850.0111397849469, 1920.4799569892475, 1967.4591684587817, 1996.8211756272408, 2020.3107813620077, 2043.8003870967746, 2073.1623942652336, 2084.907197132617, 2096.6520000000005, 2126.014007168459]","[1617.3465949820788, 1705.432616487455, 1758.284229390681, 1840.4978494623656, 1922.7114695340501]","[2126.014007168459, 2178.865620071685, 2184.7380215053768, 2190.6104229390685, 2167.1208172043016]"
/Users/mariograndi/TensorFlow/workspace/yt_tutorial/images/test/663 20m_100kV_20kX_0017.jpg,"[4096.0, 4096.0]",1.7654,"[0.38918456, 0.39642075, 0.41160372, 0.41853258]",0.407476665,0.59960586,"[0.41636538, 0.53194961]","[0.41636538, 0.53194961, 0.42783492, 0.36707506]",0.0694533259953223,0.1318554214015874,0.4820030887931523,0.330621450535519,"[0.5, 0.2]","[1758.284229390681, 1840.4978494623656, 1922.7114695340501, 1987.3078853046595, 2046.0318996415772, 2104.755913978495, 2134.1179211469534, 2192.841935483871, 2204.5867383512546, 2175.224731182796, 2122.37311827957, 2046.0318996415772, 1969.6906810035844, 1893.3494623655915, 1817.0082437275987, 1717.177419354839, 1634.9637992831545, 1552.7501792114695, 1476.4089605734766, 1400.0677419354838, 1294.3645161290324, 1212.1508960573478, 1129.9372759856633, 1071.2132616487456, 1012.4892473118281, 971.3824372759856, 953.7652329749104, 947.8928315412187, 988.999641577061, 1059.4684587813622, 1135.809677419355, 1218.0232974910396, 1300.236917562724, 1376.578136200717, 1458.7917562724015, 1541.005376344086, 1617.3465949820788]","[2184.7380215053768, 2190.6104229390685, 2167.1208172043016, 2114.2692043010757, 2055.545189964158, 1996.8211756272408, 1914.6075555555558, 1838.266336917563, 1756.0527168458784, 1679.7114982078856, 1615.1150824372762, 1585.7530752688176, 1556.391068100359, 1527.0290609319, 1491.7946523297496, 1480.0498494623662, 1468.3050465949823, 1444.8154408602154, 1409.581032258065, 1438.9430394265237, 1433.070637992832, 1456.5602437275988, 1462.4326451612906, 1527.0290609319, 1585.7530752688176, 1662.0942939068104, 1750.1803154121867, 1850.0111397849469, 1920.4799569892475, 1967.4591684587817, 1996.8211756272408, 2020.3107813620077, 2043.8003870967746, 2073.1623942652336, 2084.907197132617, 2096.6520000000005, 2126.014007168459]","[1617.3465949820788, 1705.432616487455, 1758.284229390681, 1840.4978494623656, 1922.7114695340501]","[2126.014007168459, 2178.865620071685, 2184.7380215053768, 2190.6104229390685, 2167.1208172043016]"
/Users/mariograndi/TensorFlow/workspace/yt_tutorial/images/test/663 20m_100kV_20kX_0017.jpg,"[4096.0, 4096.0]",1.7654,"[0.48174292, 0.39714125, 0.49999952, 0.4153389]",0.406240075,0.50912878,"[0.41636538, 0.53194961]","[0.41636538, 0.53194961, 0.42783492, 0.36707506]",0.0694533259953223,0.0423078760575139,0.4870483634182085,0.2402766866357097,"[0.5, 0.2]","[1758.284229390681, 1840.4978494623656, 1922.7114695340501, 1987.3078853046595, 2046.0318996415772, 2104.755913978495, 2134.1179211469534, 2192.841935483871, 2204.5867383512546, 2175.224731182796, 2122.37311827957, 2046.0318996415772, 1969.6906810035844, 1893.3494623655915, 1817.0082437275987, 1717.177419354839, 1634.9637992831545, 1552.7501792114695, 1476.4089605734766, 1400.0677419354838, 1294.3645161290324, 1212.1508960573478, 1129.9372759856633, 1071.2132616487456, 1012.4892473118281, 971.3824372759856, 953.7652329749104, 947.8928315412187, 988.999641577061, 1059.4684587813622, 1135.809677419355, 1218.0232974910396, 1300.236917562724, 1376.578136200717, 1458.7917562724015, 1541.005376344086, 1617.3465949820788]","[2184.7380215053768, 2190.6104229390685, 2167.1208172043016, 2114.2692043010757, 2055.545189964158, 1996.8211756272408, 1914.6075555555558, 1838.266336917563, 1756.0527168458784, 1679.7114982078856, 1615.1150824372762, 1585.7530752688176, 1556.391068100359, 1527.0290609319, 1491.7946523297496, 1480.0498494623662, 1468.3050465949823, 1444.8154408602154, 1409.581032258065, 1438.9430394265237, 1433.070637992832, 1456.5602437275988, 1462.4326451612906, 1527.0290609319, 1585.7530752688176, 1662.0942939068104, 1750.1803154121867, 1850.0111397849469, 1920.4799569892475, 1967.4591684587817, 1996.8211756272408, 2020.3107813620077, 2043.8003870967746, 2073.1623942652336, 2084.907197132617, 2096.6520000000005, 2126.014007168459]","[1617.3465949820788, 1705.432616487455, 1758.284229390681, 1840.4978494623656, 1922.7114695340501]","[2126.014007168459, 2178.865620071685, 2184.7380215053768, 2190.6104229390685, 2167.1208172043016]"
/Users/mariograndi/TensorFlow/workspace/yt_tutorial/images/test/663 20m_100kV_20kX_0017.jpg,"[4096.0, 4096.0]",1.7654,"[0.49405426, 0.40874618, 0.5126808, 0.43138468]",0.42006543,0.49663247,"[0.41636538, 0.53194961]","[0.41636538, 0.53194961, 0.42783492, 0.36707506]",0.0694533259953223,0.0288205807605761,0.5017075993865067,0.2287699492476454,"[0.5, 0.2]","[1758.284229390681, 1840.4978494623656, 1922.7114695340501, 1987.3078853046595, 2046.0318996415772, 2104.755913978495, 2134.1179211469534, 2192.841935483871, 2204.5867383512546, 2175.224731182796, 2122.37311827957, 2046.0318996415772, 1969.6906810035844, 1893.3494623655915, 1817.0082437275987, 1717.177419354839, 1634.9637992831545, 1552.7501792114695, 1476.4089605734766, 1400.0677419354838, 1294.3645161290324, 1212.1508960573478, 1129.9372759856633, 1071.2132616487456, 1012.4892473118281, 971.3824372759856, 953.7652329749104, 947.8928315412187, 988.999641577061, 1059.4684587813622, 1135.809677419355, 1218.0232974910396, 1300.236917562724, 1376.578136200717, 1458.7917562724015, 1541.005376344086, 1617.3465949820788]","[2184.7380215053768, 2190.6104229390685, 2167.1208172043016, 2114.2692043010757, 2055.545189964158, 1996.8211756272408, 1914.6075555555558, 1838.266336917563, 1756.0527168458784, 1679.7114982078856, 1615.1150824372762, 1585.7530752688176, 1556.391068100359, 1527.0290609319, 1491.7946523297496, 1480.0498494623662, 1468.3050465949823, 1444.8154408602154, 1409.581032258065, 1438.9430394265237, 1433.070637992832, 1456.5602437275988, 1462.4326451612906, 1527.0290609319, 1585.7530752688176, 1662.0942939068104, 1750.1803154121867, 1850.0111397849469, 1920.4799569892475, 1967.4591684587817, 1996.8211756272408, 2020.3107813620077, 2043.8003870967746, 2073.1623942652336, 2084.907197132617, 2096.6520000000005, 2126.014007168459]","[1617.3465949820788, 1705.432616487455, 1758.284229390681, 1840.4978494623656, 1922.7114695340501]","[2126.014007168459, 2178.865620071685, 2184.7380215053768, 2190.6104229390685, 2167.1208172043016]"
/Users/mariograndi/TensorFlow/workspace/yt_tutorial/images/test/663 20m_100kV_20kX_0017.jpg,"[4096.0, 4096.0]",1.7654,"[0.4318505, 0.357592, 0.44947642, 0.378367]",0.3679795,0.55933654,"[0.41636538, 0.53194961]","[0.41636538, 0.53194961, 0.42783492, 0.36707506]",0.0694533259953223,0.1033167741387878,0.4453957382203666,0.2877082117817172,"[0.5, 0.2]","[1758.284229390681, 1840.4978494623656, 1922.7114695340501, 1987.3078853046595, 2046.0318996415772, 2104.755913978495, 2134.1179211469534, 2192.841935483871, 2204.5867383512546, 2175.224731182796, 2122.37311827957, 2046.0318996415772, 1969.6906810035844, 1893.3494623655915, 1817.0082437275987, 1717.177419354839, 1634.9637992831545, 1552.7501792114695, 1476.4089605734766, 1400.0677419354838, 1294.3645161290324, 1212.1508960573478, 1129.9372759856633, 1071.2132616487456, 1012.4892473118281, 971.3824372759856, 953.7652329749104, 947.8928315412187, 988.999641577061, 1059.4684587813622, 1135.809677419355, 1218.0232974910396, 1300.236917562724, 1376.578136200717, 1458.7917562724015, 1541.005376344086, 1617.3465949820788]","[2184.7380215053768, 2190.6104229390685, 2167.1208172043016, 2114.2692043010757, 2055.545189964158, 1996.8211756272408, 1914.6075555555558, 1838.266336917563, 1756.0527168458784, 1679.7114982078856, 1615.1150824372762, 1585.7530752688176, 1556.391068100359, 1527.0290609319, 1491.7946523297496, 1480.0498494623662, 1468.3050465949823, 1444.8154408602154, 1409.581032258065, 1438.9430394265237, 1433.070637992832, 1456.5602437275988, 1462.4326451612906, 1527.0290609319, 1585.7530752688176, 1662.0942939068104, 1750.1803154121867, 1850.0111397849469, 1920.4799569892475, 1967.4591684587817, 1996.8211756272408, 2020.3107813620077, 2043.8003870967746, 2073.1623942652336, 2084.907197132617, 2096.6520000000005, 2126.014007168459]","[1617.3465949820788, 1705.432616487455, 1758.284229390681, 1840.4978494623656, 1922.7114695340501]","[2126.014007168459, 2178.865620071685, 2184.7380215053768, 2190.6104229390685, 2167.1208172043016]"
/Users/mariograndi/TensorFlow/workspace/yt_tutorial/images/test/663 20m_100kV_20kX_0017.jpg,"[4096.0, 4096.0]",1.7654,"[0.48545346, 0.43152812, 0.50479305, 0.45030132]",0.44091472,0.504876745,"[0.41636538, 0.53194961]","[0.41636538, 0.53194961, 0.42783492, 0.36707506]",0.0694533259953223,0.0442589040994136,0.5219344914764272,0.2384412366574183,"[0.5, 0.2]","[1758.284229390681, 1840.4978494623656, 1922.7114695340501, 1987.3078853046595, 2046.0318996415772, 2104.755913978495, 2134.1179211469534, 2192.841935483871, 2204.5867383512546, 2175.224731182796, 2122.37311827957, 2046.0318996415772, 1969.6906810035844, 1893.3494623655915, 1817.0082437275987, 1717.177419354839, 1634.9637992831545, 1552.7501792114695, 1476.4089605734766, 1400.0677419354838, 1294.3645161290324, 1212.1508960573478, 1129.9372759856633, 1071.2132616487456, 1012.4892473118281, 971.3824372759856, 953.7652329749104, 947.8928315412187, 988.999641577061, 1059.4684587813622, 1135.809677419355, 1218.0232974910396, 1300.236917562724, 1376.578136200717, 1458.7917562724015, 1541.005376344086, 1617.3465949820788]","[2184.7380215053768, 2190.6104229390685, 2167.1208172043016, 2114.2692043010757, 2055.545189964158, 1996.8211756272408, 1914.6075555555558, 1838.266336917563, 1756.0527168458784, 1679.7114982078856, 1615.1150824372762, 1585.7530752688176, 1556.391068100359, 1527.0290609319, 1491.7946523297496, 1480.0498494623662, 1468.3050465949823, 1444.8154408602154, 1409.581032258065, 1438.9430394265237, 1433.070637992832, 1456.5602437275988, 1462.4326451612906, 1527.0290609319, 1585.7530752688176, 1662.0942939068104, 1750.1803154121867, 1850.0111397849469, 1920.4799569892475, 1967.4591684587817, 1996.8211756272408, 2020.3107813620077, 2043.8003870967746, 2073.1623942652336, 2084.907197132617, 2096.6520000000005, 2126.014007168459]","[1617.3465949820788, 1705.432616487455, 1758.284229390681, 1840.4978494623656, 1922.7114695340501]","[2126.014007168459, 2178.865620071685, 2184.7380215053768, 2190.6104229390685, 2167.1208172043016]"
/Users/mariograndi/OneDrive - University of Sussex/PC vesicles (examples)/663 20 min/663 20m_100kV_20kX_0092.jpg,"[4096.0, 4096.0]",1.7654,"[0.4760771, 0.36777025, 0.498538, 0.38798815]",0.3778791999999999,0.5126924500000001,"[0.38052309, 0.56635822]","[0.38052309, 0.56635822, 0.5009532, 0.3785446]",0.570179179193341,0.0790948672283723,0.4551041640080184,0.2651180614918391,"[0.5, 0.2]","[1605.6017921146954, 1664.325806451613, 1728.9222222222224, 1799.3910394265235, 1875.7322580645164, 1957.945878136201, 2040.1594982078855, 2087.1387096774197, 2157.607526881721, 2222.2039426523297, 2257.4383512544805, 2292.672759856631, 2327.9071684587816, 2357.26917562724, 2369.0139784946236, 2351.3967741935485, 2304.4175627240143, 2257.4383512544805, 2204.5867383512546, 2145.862724014337, 2010.7974910394269, 1928.5838709677419, 1846.3702508960573, 1764.1566308243728, 1676.0706093189965, 1593.856989247312, 1511.6433691756274, 1429.4297491039429, 1347.2161290322579, 1265.0025089605733, 1182.7888888888888, 1100.5752688172042, 1018.3616487455198, 936.148028673835, 859.8068100358422, 771.7207885304659, 695.3795698924731, 624.910752688172, 560.3143369175626, 513.3351254480286, 513.3351254480286, 501.5903225806452, 519.2075268817204, 589.6763440860215, 671.889964157706, 754.1035842293908, 830.4448028673836, 912.6584229390681, 994.8720430107527, 1077.0856630824373, 1159.299283154122, 1241.5129032258064, 1323.726523297491, 1405.940143369176, 1476.4089605734766]","[2325.675655913979, 2384.3996702508966, 2437.251283154122, 2484.2304946236563, 2513.592501792115, 2519.4649032258067, 2513.592501792115, 2443.123684587814, 2390.2720716845884, 2331.5480573476707, 2255.206838709678, 2178.865620071685, 2102.524401433692, 2026.1831827956994, 1943.9695627240148, 1861.7559426523303, 1791.2871254480292, 1720.818308243728, 1656.2218924731187, 1597.497878136201, 1538.7738637992834, 1527.0290609319, 1521.1566594982082, 1515.2842580645165, 1503.539455197133, 1503.539455197133, 1503.539455197133, 1527.0290609319, 1544.6462652329756, 1562.2634695340507, 1568.1358709677424, 1568.1358709677424, 1591.6254767025093, 1615.1150824372762, 1644.4770896057353, 1673.8390967741939, 1709.0735053763447, 1756.0527168458784, 1814.776731182796, 1885.2455483870972, 1967.4591684587817, 2049.6727885304663, 2131.886408602151, 2184.7380215053768, 2208.2276272401436, 2184.7380215053768, 2155.376014336918, 2143.6312114695343, 2143.6312114695343, 2131.886408602151, 2126.014007168459, 2149.5036129032264, 2167.1208172043016, 2190.6104229390685, 2231.717232974911]","[1077.0856630824373, 1159.299283154122, 1241.5129032258064, 1323.726523297491, 1405.940143369176, 1476.4089605734766, 1558.6225806451616, 1605.6017921146954, 1664.325806451613, 1728.9222222222224, 1799.3910394265235, 1875.7322580645164]","[2131.886408602151, 2126.014007168459, 2149.5036129032264, 2167.1208172043016, 2190.6104229390685, 2231.717232974911, 2319.8032544802873, 2325.675655913979, 2384.3996702508966, 2437.251283154122, 2484.2304946236563, 2513.592501792115]"
/Users/mariograndi/OneDrive - University of Sussex/PC vesicles (examples)/663 20 min/663 20m_100kV_20kX_0092.jpg,"[4096.0, 4096.0]",1.7654,"[0.41760522, 0.4869888, 0.439722, 0.5072486]",0.4971187,0.57133639,"[0.38052309, 0.56635822]","[0.38052309, 0.56635822, 0.5009532, 0.3785446]",0.570179179193341,0.1804282147615016,0.5238254888725689,0.3788482226973633,"[0.5, 0.2]","[1605.6017921146954, 1664.325806451613, 1728.9222222222224, 1799.3910394265235, 1875.7322580645164, 1957.945878136201, 2040.1594982078855, 2087.1387096774197, 2157.607526881721, 2222.2039426523297, 2257.4383512544805, 2292.672759856631, 2327.9071684587816, 2357.26917562724, 2369.0139784946236, 2351.3967741935485, 2304.4175627240143, 2257.4383512544805, 2204.5867383512546, 2145.862724014337, 2010.7974910394269, 1928.5838709677419, 1846.3702508960573, 1764.1566308243728, 1676.0706093189965, 1593.856989247312, 1511.6433691756274, 1429.4297491039429, 1347.2161290322579, 1265.0025089605733, 1182.7888888888888, 1100.5752688172042, 1018.3616487455198, 936.148028673835, 859.8068100358422, 771.7207885304659, 695.3795698924731, 624.910752688172, 560.3143369175626, 513.3351254480286, 513.3351254480286, 501.5903225806452, 519.2075268817204, 589.6763440860215, 671.889964157706, 754.1035842293908, 830.4448028673836, 912.6584229390681, 994.8720430107527, 1077.0856630824373, 1159.299283154122, 1241.5129032258064, 1323.726523297491, 1405.940143369176, 1476.4089605734766]","[2325.675655913979, 2384.3996702508966, 2437.251283154122, 2484.2304946236563, 2513.592501792115, 2519.4649032258067, 2513.592501792115, 2443.123684587814, 2390.2720716845884, 2331.5480573476707, 2255.206838709678, 2178.865620071685, 2102.524401433692, 2026.1831827956994, 1943.9695627240148, 1861.7559426523303, 1791.2871254480292, 1720.818308243728, 1656.2218924731187, 1597.497878136201, 1538.7738637992834, 1527.0290609319, 1521.1566594982082, 1515.2842580645165, 1503.539455197133, 1503.539455197133, 1503.539455197133, 1527.0290609319, 1544.6462652329756, 1562.2634695340507, 1568.1358709677424, 1568.1358709677424, 1591.6254767025093, 1615.1150824372762, 1644.4770896057353, 1673.8390967741939, 1709.0735053763447, 1756.0527168458784, 1814.776731182796, 1885.2455483870972, 1967.4591684587817, 2049.6727885304663, 2131.886408602151, 2184.7380215053768, 2208.2276272401436, 2184.7380215053768, 2155.376014336918, 2143.6312114695343, 2143.6312114695343, 2131.886408602151, 2126.014007168459, 2149.5036129032264, 2167.1208172043016, 2190.6104229390685, 2231.717232974911]","[1077.0856630824373, 1159.299283154122, 1241.5129032258064, 1323.726523297491, 1405.940143369176, 1476.4089605734766, 1558.6225806451616, 1605.6017921146954, 1664.325806451613, 1728.9222222222224, 1799.3910394265235, 1875.7322580645164]","[2131.886408602151, 2126.014007168459, 2149.5036129032264, 2167.1208172043016, 2190.6104229390685, 2231.717232974911, 2319.8032544802873, 2325.675655913979, 2384.3996702508966, 2437.251283154122, 2484.2304946236563, 2513.592501792115]"
/Users/mariograndi/OneDrive - University of Sussex/PC vesicles (examples)/663 20 min/663 20m_100kV_20kX_0092.jpg,"[4096.0, 4096.0]",1.7654,"[0.4451135, 0.44376975, 0.46783093, 0.46688807]",0.45532891,0.543527785,"[0.38052309, 0.56635822]","[0.38052309, 0.56635822, 0.5009532, 0.3785446]",0.570179179193341,0.1329317263445448,0.5036572743815635,0.3328814065738277,"[0.5, 0.2]","[1605.6017921146954, 1664.325806451613, 1728.9222222222224, 1799.3910394265235, 1875.7322580645164, 1957.945878136201, 2040.1594982078855, 2087.1387096774197, 2157.607526881721, 2222.2039426523297, 2257.4383512544805, 2292.672759856631, 2327.9071684587816, 2357.26917562724, 2369.0139784946236, 2351.3967741935485, 2304.4175627240143, 2257.4383512544805, 2204.5867383512546, 2145.862724014337, 2010.7974910394269, 1928.5838709677419, 1846.3702508960573, 1764.1566308243728, 1676.0706093189965, 1593.856989247312, 1511.6433691756274, 1429.4297491039429, 1347.2161290322579, 1265.0025089605733, 1182.7888888888888, 1100.5752688172042, 1018.3616487455198, 936.148028673835, 859.8068100358422, 771.7207885304659, 695.3795698924731, 624.910752688172, 560.3143369175626, 513.3351254480286, 513.3351254480286, 501.5903225806452, 519.2075268817204, 589.6763440860215, 671.889964157706, 754.1035842293908, 830.4448028673836, 912.6584229390681, 994.8720430107527, 1077.0856630824373, 1159.299283154122, 1241.5129032258064, 1323.726523297491, 1405.940143369176, 1476.4089605734766]","[2325.675655913979, 2384.3996702508966, 2437.251283154122, 2484.2304946236563, 2513.592501792115, 2519.4649032258067, 2513.592501792115, 2443.123684587814, 2390.2720716845884, 2331.5480573476707, 2255.206838709678, 2178.865620071685, 2102.524401433692, 2026.1831827956994, 1943.9695627240148, 1861.7559426523303, 1791.2871254480292, 1720.818308243728, 1656.2218924731187, 1597.497878136201, 1538.7738637992834, 1527.0290609319, 1521.1566594982082, 1515.2842580645165, 1503.539455197133, 1503.539455197133, 1503.539455197133, 1527.0290609319, 1544.6462652329756, 1562.2634695340507, 1568.1358709677424, 1568.1358709677424, 1591.6254767025093, 1615.1150824372762, 1644.4770896057353, 1673.8390967741939, 1709.0735053763447, 1756.0527168458784, 1814.776731182796, 1885.2455483870972, 1967.4591684587817, 2049.6727885304663, 2131.886408602151, 2184.7380215053768, 2208.2276272401436, 2184.7380215053768, 2155.376014336918, 2143.6312114695343, 2143.6312114695343, 2131.886408602151, 2126.014007168459, 2149.5036129032264, 2167.1208172043016, 2190.6104229390685, 2231.717232974911]","[1077.0856630824373, 1159.299283154122, 1241.5129032258064, 1323.726523297491, 1405.940143369176, 1476.4089605734766, 1558.6225806451616, 1605.6017921146954, 1664.325806451613, 1728.9222222222224, 1799.3910394265235, 1875.7322580645164]","[2131.886408602151, 2126.014007168459, 2149.5036129032264, 2167.1208172043016, 2190.6104229390685, 2231.717232974911, 2319.8032544802873, 2325.675655913979, 2384.3996702508966, 2437.251283154122, 2484.2304946236563, 2513.592501792115]"
/Users/mariograndi/OneDrive - University of Sussex/PC vesicles (examples)/663 20 min/663 20m_100kV_20kX_0092.jpg,"[4096.0, 4096.0]",1.7654,"[0.4539869, 0.48200142, 0.47837105, 0.50986415]",0.495932785,0.533821025,"[0.38052309, 0.56635822]","[0.38052309, 0.56635822, 0.5009532, 0.3785446]",0.570179179193341,0.1528243366972407,0.5430773327451814,0.3466274915918311,"[0.5, 0.2]","[1605.6017921146954, 1664.325806451613, 1728.9222222222224, 1799.3910394265235, 1875.7322580645164, 1957.945878136201, 2040.1594982078855, 2087.1387096774197, 2157.607526881721, 2222.2039426523297, 2257.4383512544805, 2292.672759856631, 2327.9071684587816, 2357.26917562724, 2369.0139784946236, 2351.3967741935485, 2304.4175627240143, 2257.4383512544805, 2204.5867383512546, 2145.862724014337, 2010.7974910394269, 1928.5838709677419, 1846.3702508960573, 1764.1566308243728, 1676.0706093189965, 1593.856989247312, 1511.6433691756274, 1429.4297491039429, 1347.2161290322579, 1265.0025089605733, 1182.7888888888888, 1100.5752688172042, 1018.3616487455198, 936.148028673835, 859.8068100358422, 771.7207885304659, 695.3795698924731, 624.910752688172, 560.3143369175626, 513.3351254480286, 513.3351254480286, 501.5903225806452, 519.2075268817204, 589.6763440860215, 671.889964157706, 754.1035842293908, 830.4448028673836, 912.6584229390681, 994.8720430107527, 1077.0856630824373, 1159.299283154122, 1241.5129032258064, 1323.726523297491, 1405.940143369176, 1476.4089605734766]","[2325.675655913979, 2384.3996702508966, 2437.251283154122, 2484.2304946236563, 2513.592501792115, 2519.4649032258067, 2513.592501792115, 2443.123684587814, 2390.2720716845884, 2331.5480573476707, 2255.206838709678, 2178.865620071685, 2102.524401433692, 2026.1831827956994, 1943.9695627240148, 1861.7559426523303, 1791.2871254480292, 1720.818308243728, 1656.2218924731187, 1597.497878136201, 1538.7738637992834, 1527.0290609319, 1521.1566594982082, 1515.2842580645165, 1503.539455197133, 1503.539455197133, 1503.539455197133, 1527.0290609319, 1544.6462652329756, 1562.2634695340507, 1568.1358709677424, 1568.1358709677424, 1591.6254767025093, 1615.1150824372762, 1644.4770896057353, 1673.8390967741939, 1709.0735053763447, 1756.0527168458784, 1814.776731182796, 1885.2455483870972, 1967.4591684587817, 2049.6727885304663, 2131.886408602151, 2184.7380215053768, 2208.2276272401436, 2184.7380215053768, 2155.376014336918, 2143.6312114695343, 2143.6312114695343, 2131.886408602151, 2126.014007168459, 2149.5036129032264, 2167.1208172043016, 2190.6104229390685, 2231.717232974911]","[1077.0856630824373, 1159.299283154122, 1241.5129032258064, 1323.726523297491, 1405.940143369176, 1476.4089605734766, 1558.6225806451616, 1605.6017921146954, 1664.325806451613, 1728.9222222222224, 1799.3910394265235, 1875.7322580645164]","[2131.886408602151, 2126.014007168459, 2149.5036129032264, 2167.1208172043016, 2190.6104229390685, 2231.717232974911, 2319.8032544802873, 2325.675655913979, 2384.3996702508966, 2437.251283154122, 2484.2304946236563, 2513.592501792115]"
/Users/mariograndi/OneDrive - University of Sussex/PC vesicles (examples)/663 20 min/663 20m_100kV_20kX_0092.jpg,"[4096.0, 4096.0]",1.7654,"[0.4185527, 0.5109324, 0.44172406, 0.53589493]",0.523413665,0.56986162,"[0.38052309, 0.56635822]","[0.38052309, 0.56635822, 0.5009532, 0.3785446]",0.570179179193341,0.1974172231095175,0.5467567583249119,0.3918003272448168,"[0.5, 0.2]","[1605.6017921146954, 1664.325806451613, 1728.9222222222224, 1799.3910394265235, 1875.7322580645164, 1957.945878136201, 2040.1594982078855, 2087.1387096774197, 2157.607526881721, 2222.2039426523297, 2257.4383512544805, 2292.672759856631, 2327.9071684587816, 2357.26917562724, 2369.0139784946236, 2351.3967741935485, 2304.4175627240143, 2257.4383512544805, 2204.5867383512546, 2145.862724014337, 2010.7974910394269, 1928.5838709677419, 1846.3702508960573, 1764.1566308243728, 1676.0706093189965, 1593.856989247312, 1511.6433691756274, 1429.4297491039429, 1347.2161290322579, 1265.0025089605733, 1182.7888888888888, 1100.5752688172042, 1018.3616487455198, 936.148028673835, 859.8068100358422, 771.7207885304659, 695.3795698924731, 624.910752688172, 560.3143369175626, 513.3351254480286, 513.3351254480286, 501.5903225806452, 519.2075268817204, 589.6763440860215, 671.889964157706, 754.1035842293908, 830.4448028673836, 912.6584229390681, 994.8720430107527, 1077.0856630824373, 1159.299283154122, 1241.5129032258064, 1323.726523297491, 1405.940143369176, 1476.4089605734766]","[2325.675655913979, 2384.3996702508966, 2437.251283154122, 2484.2304946236563, 2513.592501792115, 2519.4649032258067, 2513.592501792115, 2443.123684587814, 2390.2720716845884, 2331.5480573476707, 2255.206838709678, 2178.865620071685, 2102.524401433692, 2026.1831827956994, 1943.9695627240148, 1861.7559426523303, 1791.2871254480292, 1720.818308243728, 1656.2218924731187, 1597.497878136201, 1538.7738637992834, 1527.0290609319, 1521.1566594982082, 1515.2842580645165, 1503.539455197133, 1503.539455197133, 1503.539455197133, 1527.0290609319, 1544.6462652329756, 1562.2634695340507, 1568.1358709677424, 1568.1358709677424, 1591.6254767025093, 1615.1150824372762, 1644.4770896057353, 1673.8390967741939, 1709.0735053763447, 1756.0527168458784, 1814.776731182796, 1885.2455483870972, 1967.4591684587817, 2049.6727885304663, 2131.886408602151, 2184.7380215053768, 2208.2276272401436, 2184.7380215053768, 2155.376014336918, 2143.6312114695343, 2143.6312114695343, 2131.886408602151, 2126.014007168459, 2149.5036129032264, 2167.1208172043016, 2190.6104229390685, 2231.717232974911]","[1077.0856630824373, 1159.299283154122, 1241.5129032258064, 1323.726523297491, 1405.940143369176, 1476.4089605734766, 1558.6225806451616, 1605.6017921146954, 1664.325806451613, 1728.9222222222224, 1799.3910394265235, 1875.7322580645164]","[2131.886408602151, 2126.014007168459, 2149.5036129032264, 2167.1208172043016, 2190.6104229390685, 2231.717232974911, 2319.8032544802873, 2325.675655913979, 2384.3996702508966, 2437.251283154122, 2484.2304946236563, 2513.592501792115]"
/Users/mariograndi/OneDrive - University of Sussex/PC vesicles (examples)/663 20 min/663 20m_100kV_20kX_0092.jpg,"[4096.0, 4096.0]",1.7654,"[0.5680655, 0.46755064, 0.58922684, 0.48812717]",0.477838905,0.4213538299999999,"[0.38052309, 0.56635822]","[0.38052309, 0.56635822, 0.5009532, 0.3785446]",0.570179179193341,0.0980885388913477,0.5885536949687898,0.2421853596549083,"[0.5, 0.2]","[1605.6017921146954, 1664.325806451613, 1728.9222222222224, 1799.3910394265235, 1875.7322580645164, 1957.945878136201, 2040.1594982078855, 2087.1387096774197, 2157.607526881721, 2222.2039426523297, 2257.4383512544805, 2292.672759856631, 2327.9071684587816, 2357.26917562724, 2369.0139784946236, 2351.3967741935485, 2304.4175627240143, 2257.4383512544805, 2204.5867383512546, 2145.862724014337, 2010.7974910394269, 1928.5838709677419, 1846.3702508960573, 1764.1566308243728, 1676.0706093189965, 1593.856989247312, 1511.6433691756274, 1429.4297491039429, 1347.2161290322579, 1265.0025089605733, 1182.7888888888888, 1100.5752688172042, 1018.3616487455198, 936.148028673835, 859.8068100358422, 771.7207885304659, 695.3795698924731, 624.910752688172, 560.3143369175626, 513.3351254480286, 513.3351254480286, 501.5903225806452, 519.2075268817204, 589.6763440860215, 671.889964157706, 754.1035842293908, 830.4448028673836, 912.6584229390681, 994.8720430107527, 1077.0856630824373, 1159.299283154122, 1241.5129032258064, 1323.726523297491, 1405.940143369176, 1476.4089605734766]","[2325.675655913979, 2384.3996702508966, 2437.251283154122, 2484.2304946236563, 2513.592501792115, 2519.4649032258067, 2513.592501792115, 2443.123684587814, 2390.2720716845884, 2331.5480573476707, 2255.206838709678, 2178.865620071685, 2102.524401433692, 2026.1831827956994, 1943.9695627240148, 1861.7559426523303, 1791.2871254480292, 1720.818308243728, 1656.2218924731187, 1597.497878136201, 1538.7738637992834, 1527.0290609319, 1521.1566594982082, 1515.2842580645165, 1503.539455197133, 1503.539455197133, 1503.539455197133, 1527.0290609319, 1544.6462652329756, 1562.2634695340507, 1568.1358709677424, 1568.1358709677424, 1591.6254767025093, 1615.1150824372762, 1644.4770896057353, 1673.8390967741939, 1709.0735053763447, 1756.0527168458784, 1814.776731182796, 1885.2455483870972, 1967.4591684587817, 2049.6727885304663, 2131.886408602151, 2184.7380215053768, 2208.2276272401436, 2184.7380215053768, 2155.376014336918, 2143.6312114695343, 2143.6312114695343, 2131.886408602151, 2126.014007168459, 2149.5036129032264, 2167.1208172043016, 2190.6104229390685, 2231.717232974911]","[1077.0856630824373, 1159.299283154122, 1241.5129032258064, 1323.726523297491, 1405.940143369176, 1476.4089605734766, 1558.6225806451616, 1605.6017921146954, 1664.325806451613, 1728.9222222222224, 1799.3910394265235, 1875.7322580645164]","[2131.886408602151, 2126.014007168459, 2149.5036129032264, 2167.1208172043016, 2190.6104229390685, 2231.717232974911, 2319.8032544802873, 2325.675655913979, 2384.3996702508966, 2437.251283154122, 2484.2304946236563, 2513.592501792115]"
/Users/mariograndi/OneDrive - University of Sussex/PC vesicles (examples)/663 20 min/663 20m_100kV_20kX_0092.jpg,"[4096.0, 4096.0]",1.7654,"[0.5131977, 0.5015451, 0.53486997, 0.52338994]",0.51246752,0.475966165,"[0.38052309, 0.56635822]","[0.38052309, 0.56635822, 0.5009532, 0.3785446]",0.570179179193341,0.1385665385764879,0.5882254068861907,0.3068501904202113,"[0.5, 0.2]","[1605.6017921146954, 1664.325806451613, 1728.9222222222224, 1799.3910394265235, 1875.7322580645164, 1957.945878136201, 2040.1594982078855, 2087.1387096774197, 2157.607526881721, 2222.2039426523297, 2257.4383512544805, 2292.672759856631, 2327.9071684587816, 2357.26917562724, 2369.0139784946236, 2351.3967741935485, 2304.4175627240143, 2257.4383512544805, 2204.5867383512546, 2145.862724014337, 2010.7974910394269, 1928.5838709677419, 1846.3702508960573, 1764.1566308243728, 1676.0706093189965, 1593.856989247312, 1511.6433691756274, 1429.4297491039429, 1347.2161290322579, 1265.0025089605733, 1182.7888888888888, 1100.5752688172042, 1018.3616487455198, 936.148028673835, 859.8068100358422, 771.7207885304659, 695.3795698924731, 624.910752688172, 560.3143369175626, 513.3351254480286, 513.3351254480286, 501.5903225806452, 519.2075268817204, 589.6763440860215, 671.889964157706, 754.1035842293908, 830.4448028673836, 912.6584229390681, 994.8720430107527, 1077.0856630824373, 1159.299283154122, 1241.5129032258064, 1323.726523297491, 1405.940143369176, 1476.4089605734766]","[2325.675655913979, 2384.3996702508966, 2437.251283154122, 2484.2304946236563, 2513.592501792115, 2519.4649032258067, 2513.592501792115, 2443.123684587814, 2390.2720716845884, 2331.5480573476707, 2255.206838709678, 2178.865620071685, 2102.524401433692, 2026.1831827956994, 1943.9695627240148, 1861.7559426523303, 1791.2871254480292, 1720.818308243728, 1656.2218924731187, 1597.497878136201, 1538.7738637992834, 1527.0290609319, 1521.1566594982082, 1515.2842580645165, 1503.539455197133, 1503.539455197133, 1503.539455197133, 1527.0290609319, 1544.6462652329756, 1562.2634695340507, 1568.1358709677424, 1568.1358709677424, 1591.6254767025093, 1615.1150824372762, 1644.4770896057353, 1673.8390967741939, 1709.0735053763447, 1756.0527168458784, 1814.776731182796, 1885.2455483870972, 1967.4591684587817, 2049.6727885304663, 2131.886408602151, 2184.7380215053768, 2208.2276272401436, 2184.7380215053768, 2155.376014336918, 2143.6312114695343, 2143.6312114695343, 2131.886408602151, 2126.014007168459, 2149.5036129032264, 2167.1208172043016, 2190.6104229390685, 2231.717232974911]","[1077.0856630824373, 1159.299283154122, 1241.5129032258064, 1323.726523297491, 1405.940143369176, 1476.4089605734766, 1558.6225806451616, 1605.6017921146954, 1664.325806451613, 1728.9222222222224, 1799.3910394265235, 1875.7322580645164]","[2131.886408602151, 2126.014007168459, 2149.5036129032264, 2167.1208172043016, 2190.6104229390685, 2231.717232974911, 2319.8032544802873, 2325.675655913979, 2384.3996702508966, 2437.251283154122, 2484.2304946236563, 2513.592501792115]"
/Users/mariograndi/OneDrive - University of Sussex/PC vesicles (examples)/663 20 min/663 20m_100kV_20kX_0092.jpg,"[4096.0, 4096.0]",1.7654,"[0.46947375, 0.5316557, 0.4873058, 0.5521962]",0.54192595,0.521610225,"[0.38052309, 0.56635822]","[0.38052309, 0.56635822, 0.5009532, 0.3785446]",0.570179179193341,0.1838187411213184,0.5883857563983498,0.3611747115813081,"[0.5, 0.2]","[1605.6017921146954, 1664.325806451613, 1728.9222222222224, 1799.3910394265235, 1875.7322580645164, 1957.945878136201, 2040.1594982078855, 2087.1387096774197, 2157.607526881721, 2222.2039426523297, 2257.4383512544805, 2292.672759856631, 2327.9071684587816, 2357.26917562724, 2369.0139784946236, 2351.3967741935485, 2304.4175627240143, 2257.4383512544805, 2204.5867383512546, 2145.862724014337, 2010.7974910394269, 1928.5838709677419, 1846.3702508960573, 1764.1566308243728, 1676.0706093189965, 1593.856989247312, 1511.6433691756274, 1429.4297491039429, 1347.2161290322579, 1265.0025089605733, 1182.7888888888888, 1100.5752688172042, 1018.3616487455198, 936.148028673835, 859.8068100358422, 771.7207885304659, 695.3795698924731, 624.910752688172, 560.3143369175626, 513.3351254480286, 513.3351254480286, 501.5903225806452, 519.2075268817204, 589.6763440860215, 671.889964157706, 754.1035842293908, 830.4448028673836, 912.6584229390681, 994.8720430107527, 1077.0856630824373, 1159.299283154122, 1241.5129032258064, 1323.726523297491, 1405.940143369176, 1476.4089605734766]","[2325.675655913979, 2384.3996702508966, 2437.251283154122, 2484.2304946236563, 2513.592501792115, 2519.4649032258067, 2513.592501792115, 2443.123684587814, 2390.2720716845884, 2331.5480573476707, 2255.206838709678, 2178.865620071685, 2102.524401433692, 2026.1831827956994, 1943.9695627240148, 1861.7559426523303, 1791.2871254480292, 1720.818308243728, 1656.2218924731187, 1597.497878136201, 1538.7738637992834, 1527.0290609319, 1521.1566594982082, 1515.2842580645165, 1503.539455197133, 1503.539455197133, 1503.539455197133, 1527.0290609319, 1544.6462652329756, 1562.2634695340507, 1568.1358709677424, 1568.1358709677424, 1591.6254767025093, 1615.1150824372762, 1644.4770896057353, 1673.8390967741939, 1709.0735053763447, 1756.0527168458784, 1814.776731182796, 1885.2455483870972, 1967.4591684587817, 2049.6727885304663, 2131.886408602151, 2184.7380215053768, 2208.2276272401436, 2184.7380215053768, 2155.376014336918, 2143.6312114695343, 2143.6312114695343, 2131.886408602151, 2126.014007168459, 2149.5036129032264, 2167.1208172043016, 2190.6104229390685, 2231.717232974911]","[1077.0856630824373, 1159.299283154122, 1241.5129032258064, 1323.726523297491, 1405.940143369176, 1476.4089605734766, 1558.6225806451616, 1605.6017921146954, 1664.325806451613, 1728.9222222222224, 1799.3910394265235, 1875.7322580645164]","[2131.886408602151, 2126.014007168459, 2149.5036129032264, 2167.1208172043016, 2190.6104229390685, 2231.717232974911, 2319.8032544802873, 2325.675655913979, 2384.3996702508966, 2437.251283154122, 2484.2304946236563, 2513.592501792115]"
/Users/mariograndi/OneDrive - University of Sussex/PC vesicles (examples)/663 20 min/663 20m_100kV_20kX_0092.jpg,"[4096.0, 4096.0]",1.7654,"[0.49935594, 0.35844553, 0.5194005, 0.37982363]",0.36913458,0.49062178,"[0.38052309, 0.56635822]","[0.38052309, 0.56635822, 0.5009532, 0.3785446]",0.570179179193341,0.0581069546180319,0.4596562756088862,0.2418186809600192,"[0.5, 0.2]","[1605.6017921146954, 1664.325806451613, 1728.9222222222224, 1799.3910394265235, 1875.7322580645164, 1957.945878136201, 2040.1594982078855, 2087.1387096774197, 2157.607526881721, 2222.2039426523297, 2257.4383512544805, 2292.672759856631, 2327.9071684587816, 2357.26917562724, 2369.0139784946236, 2351.3967741935485, 2304.4175627240143, 2257.4383512544805, 2204.5867383512546, 2145.862724014337, 2010.7974910394269, 1928.5838709677419, 1846.3702508960573, 1764.1566308243728, 1676.0706093189965, 1593.856989247312, 1511.6433691756274, 1429.4297491039429, 1347.2161290322579, 1265.0025089605733, 1182.7888888888888, 1100.5752688172042, 1018.3616487455198, 936.148028673835, 859.8068100358422, 771.7207885304659, 695.3795698924731, 624.910752688172, 560.3143369175626, 513.3351254480286, 513.3351254480286, 501.5903225806452, 519.2075268817204, 589.6763440860215, 671.889964157706, 754.1035842293908, 830.4448028673836, 912.6584229390681, 994.8720430107527, 1077.0856630824373, 1159.299283154122, 1241.5129032258064, 1323.726523297491, 1405.940143369176, 1476.4089605734766]","[2325.675655913979, 2384.3996702508966, 2437.251283154122, 2484.2304946236563, 2513.592501792115, 2519.4649032258067, 2513.592501792115, 2443.123684587814, 2390.2720716845884, 2331.5480573476707, 2255.206838709678, 2178.865620071685, 2102.524401433692, 2026.1831827956994, 1943.9695627240148, 1861.7559426523303, 1791.2871254480292, 1720.818308243728, 1656.2218924731187, 1597.497878136201, 1538.7738637992834, 1527.0290609319, 1521.1566594982082, 1515.2842580645165, 1503.539455197133, 1503.539455197133, 1503.539455197133, 1527.0290609319, 1544.6462652329756, 1562.2634695340507, 1568.1358709677424, 1568.1358709677424, 1591.6254767025093, 1615.1150824372762, 1644.4770896057353, 1673.8390967741939, 1709.0735053763447, 1756.0527168458784, 1814.776731182796, 1885.2455483870972, 1967.4591684587817, 2049.6727885304663, 2131.886408602151, 2184.7380215053768, 2208.2276272401436, 2184.7380215053768, 2155.376014336918, 2143.6312114695343, 2143.6312114695343, 2131.886408602151, 2126.014007168459, 2149.5036129032264, 2167.1208172043016, 2190.6104229390685, 2231.717232974911]","[1077.0856630824373, 1159.299283154122, 1241.5129032258064, 1323.726523297491, 1405.940143369176, 1476.4089605734766, 1558.6225806451616, 1605.6017921146954, 1664.325806451613, 1728.9222222222224, 1799.3910394265235, 1875.7322580645164]","[2131.886408602151, 2126.014007168459, 2149.5036129032264, 2167.1208172043016, 2190.6104229390685, 2231.717232974911, 2319.8032544802873, 2325.675655913979, 2384.3996702508966, 2437.251283154122, 2484.2304946236563, 2513.592501792115]"
/Users/mariograndi/OneDrive - University of Sussex/PC vesicles (examples)/663 20 min/663 20m_100kV_20kX_0092.jpg,"[4096.0, 4096.0]",1.7654,"[0.48076499, 0.4664761, 0.50666225, 0.49203113]",0.4792536149999999,0.50628638,"[0.38052309, 0.56635822]","[0.38052309, 0.56635822, 0.5009532, 0.3785446]",0.570179179193341,0.1225763181188297,0.5438994664920603,0.3144455792299598,"[0.5, 0.2]","[1605.6017921146954, 1664.325806451613, 1728.9222222222224, 1799.3910394265235, 1875.7322580645164, 1957.945878136201, 2040.1594982078855, 2087.1387096774197, 2157.607526881721, 2222.2039426523297, 2257.4383512544805, 2292.672759856631, 2327.9071684587816, 2357.26917562724, 2369.0139784946236, 2351.3967741935485, 2304.4175627240143, 2257.4383512544805, 2204.5867383512546, 2145.862724014337, 2010.7974910394269, 1928.5838709677419, 1846.3702508960573, 1764.1566308243728, 1676.0706093189965, 1593.856989247312, 1511.6433691756274, 1429.4297491039429, 1347.2161290322579, 1265.0025089605733, 1182.7888888888888, 1100.5752688172042, 1018.3616487455198, 936.148028673835, 859.8068100358422, 771.7207885304659, 695.3795698924731, 624.910752688172, 560.3143369175626, 513.3351254480286, 513.3351254480286, 501.5903225806452, 519.2075268817204, 589.6763440860215, 671.889964157706, 754.1035842293908, 830.4448028673836, 912.6584229390681, 994.8720430107527, 1077.0856630824373, 1159.299283154122, 1241.5129032258064, 1323.726523297491, 1405.940143369176, 1476.4089605734766]","[2325.675655913979, 2384.3996702508966, 2437.251283154122, 2484.2304946236563, 2513.592501792115, 2519.4649032258067, 2513.592501792115, 2443.123684587814, 2390.2720716845884, 2331.5480573476707, 2255.206838709678, 2178.865620071685, 2102.524401433692, 2026.1831827956994, 1943.9695627240148, 1861.7559426523303, 1791.2871254480292, 1720.818308243728, 1656.2218924731187, 1597.497878136201, 1538.7738637992834, 1527.0290609319, 1521.1566594982082, 1515.2842580645165, 1503.539455197133, 1503.539455197133, 1503.539455197133, 1527.0290609319, 1544.6462652329756, 1562.2634695340507, 1568.1358709677424, 1568.1358709677424, 1591.6254767025093, 1615.1150824372762, 1644.4770896057353, 1673.8390967741939, 1709.0735053763447, 1756.0527168458784, 1814.776731182796, 1885.2455483870972, 1967.4591684587817, 2049.6727885304663, 2131.886408602151, 2184.7380215053768, 2208.2276272401436, 2184.7380215053768, 2155.376014336918, 2143.6312114695343, 2143.6312114695343, 2131.886408602151, 2126.014007168459, 2149.5036129032264, 2167.1208172043016, 2190.6104229390685, 2231.717232974911]","[1077.0856630824373, 1159.299283154122, 1241.5129032258064, 1323.726523297491, 1405.940143369176, 1476.4089605734766, 1558.6225806451616, 1605.6017921146954, 1664.325806451613, 1728.9222222222224, 1799.3910394265235, 1875.7322580645164]","[2131.886408602151, 2126.014007168459, 2149.5036129032264, 2167.1208172043016, 2190.6104229390685, 2231.717232974911, 2319.8032544802873, 2325.675655913979, 2384.3996702508966, 2437.251283154122, 2484.2304946236563, 2513.592501792115]"
/Users/mariograndi/OneDrive - University of Sussex/PC vesicles (examples)/663 20 min/663 20m_100kV_20kX_0092.jpg,"[4096.0, 4096.0]",1.7654,"[0.41569707, 0.42456812, 0.43540022, 0.44220036]",0.43338424,0.574451355,"[0.38052309, 0.56635822]","[0.38052309, 0.56635822, 0.5009532, 0.3785446]",0.570179179193341,0.1504049084341225,0.4684921434329023,0.347067642449398,"[0.5, 0.2]","[1605.6017921146954, 1664.325806451613, 1728.9222222222224, 1799.3910394265235, 1875.7322580645164, 1957.945878136201, 2040.1594982078855, 2087.1387096774197, 2157.607526881721, 2222.2039426523297, 2257.4383512544805, 2292.672759856631, 2327.9071684587816, 2357.26917562724, 2369.0139784946236, 2351.3967741935485, 2304.4175627240143, 2257.4383512544805, 2204.5867383512546, 2145.862724014337, 2010.7974910394269, 1928.5838709677419, 1846.3702508960573, 1764.1566308243728, 1676.0706093189965, 1593.856989247312, 1511.6433691756274, 1429.4297491039429, 1347.2161290322579, 1265.0025089605733, 1182.7888888888888, 1100.5752688172042, 1018.3616487455198, 936.148028673835, 859.8068100358422, 771.7207885304659, 695.3795698924731, 624.910752688172, 560.3143369175626, 513.3351254480286, 513.3351254480286, 501.5903225806452, 519.2075268817204, 589.6763440860215, 671.889964157706, 754.1035842293908, 830.4448028673836, 912.6584229390681, 994.8720430107527, 1077.0856630824373, 1159.299283154122, 1241.5129032258064, 1323.726523297491, 1405.940143369176, 1476.4089605734766]","[2325.675655913979, 2384.3996702508966, 2437.251283154122, 2484.2304946236563, 2513.592501792115, 2519.4649032258067, 2513.592501792115, 2443.123684587814, 2390.2720716845884, 2331.5480573476707, 2255.206838709678, 2178.865620071685, 2102.524401433692, 2026.1831827956994, 1943.9695627240148, 1861.7559426523303, 1791.2871254480292, 1720.818308243728, 1656.2218924731187, 1597.497878136201, 1538.7738637992834, 1527.0290609319, 1521.1566594982082, 1515.2842580645165, 1503.539455197133, 1503.539455197133, 1503.539455197133, 1527.0290609319, 1544.6462652329756, 1562.2634695340507, 1568.1358709677424, 1568.1358709677424, 1591.6254767025093, 1615.1150824372762, 1644.4770896057353, 1673.8390967741939, 1709.0735053763447, 1756.0527168458784, 1814.776731182796, 1885.2455483870972, 1967.4591684587817, 2049.6727885304663, 2131.886408602151, 2184.7380215053768, 2208.2276272401436, 2184.7380215053768, 2155.376014336918, 2143.6312114695343, 2143.6312114695343, 2131.886408602151, 2126.014007168459, 2149.5036129032264, 2167.1208172043016, 2190.6104229390685, 2231.717232974911]","[1077.0856630824373, 1159.299283154122, 1241.5129032258064, 1323.726523297491, 1405.940143369176, 1476.4089605734766, 1558.6225806451616, 1605.6017921146954, 1664.325806451613, 1728.9222222222224, 1799.3910394265235, 1875.7322580645164]","[2131.886408602151, 2126.014007168459, 2149.5036129032264, 2167.1208172043016, 2190.6104229390685, 2231.717232974911, 2319.8032544802873, 2325.675655913979, 2384.3996702508966, 2437.251283154122, 2484.2304946236563, 2513.592501792115]"
/Users/mariograndi/OneDrive - University of Sussex/PC vesicles (examples)/663 20 min/663 20m_100kV_20kX_0092.jpg,"[4096.0, 4096.0]",1.7654,"[0.43771857, 0.4683985, 0.46132708, 0.49256396]",0.48048123,0.550477175,"[0.38052309, 0.56635822]","[0.38052309, 0.56635822, 0.5009532, 0.3785446]",0.570179179193341,0.1537600021020058,0.5210794429520823,0.3523082247655679,"[0.5, 0.2]","[1605.6017921146954, 1664.325806451613, 1728.9222222222224, 1799.3910394265235, 1875.7322580645164, 1957.945878136201, 2040.1594982078855, 2087.1387096774197, 2157.607526881721, 2222.2039426523297, 2257.4383512544805, 2292.672759856631, 2327.9071684587816, 2357.26917562724, 2369.0139784946236, 2351.3967741935485, 2304.4175627240143, 2257.4383512544805, 2204.5867383512546, 2145.862724014337, 2010.7974910394269, 1928.5838709677419, 1846.3702508960573, 1764.1566308243728, 1676.0706093189965, 1593.856989247312, 1511.6433691756274, 1429.4297491039429, 1347.2161290322579, 1265.0025089605733, 1182.7888888888888, 1100.5752688172042, 1018.3616487455198, 936.148028673835, 859.8068100358422, 771.7207885304659, 695.3795698924731, 624.910752688172, 560.3143369175626, 513.3351254480286, 513.3351254480286, 501.5903225806452, 519.2075268817204, 589.6763440860215, 671.889964157706, 754.1035842293908, 830.4448028673836, 912.6584229390681, 994.8720430107527, 1077.0856630824373, 1159.299283154122, 1241.5129032258064, 1323.726523297491, 1405.940143369176, 1476.4089605734766]","[2325.675655913979, 2384.3996702508966, 2437.251283154122, 2484.2304946236563, 2513.592501792115, 2519.4649032258067, 2513.592501792115, 2443.123684587814, 2390.2720716845884, 2331.5480573476707, 2255.206838709678, 2178.865620071685, 2102.524401433692, 2026.1831827956994, 1943.9695627240148, 1861.7559426523303, 1791.2871254480292, 1720.818308243728, 1656.2218924731187, 1597.497878136201, 1538.7738637992834, 1527.0290609319, 1521.1566594982082, 1515.2842580645165, 1503.539455197133, 1503.539455197133, 1503.539455197133, 1527.0290609319, 1544.6462652329756, 1562.2634695340507, 1568.1358709677424, 1568.1358709677424, 1591.6254767025093, 1615.1150824372762, 1644.4770896057353, 1673.8390967741939, 1709.0735053763447, 1756.0527168458784, 1814.776731182796, 1885.2455483870972, 1967.4591684587817, 2049.6727885304663, 2131.886408602151, 2184.7380215053768, 2208.2276272401436, 2184.7380215053768, 2155.376014336918, 2143.6312114695343, 2143.6312114695343, 2131.886408602151, 2126.014007168459, 2149.5036129032264, 2167.1208172043016, 2190.6104229390685, 2231.717232974911]","[1077.0856630824373, 1159.299283154122, 1241.5129032258064, 1323.726523297491, 1405.940143369176, 1476.4089605734766, 1558.6225806451616, 1605.6017921146954, 1664.325806451613, 1728.9222222222224, 1799.3910394265235, 1875.7322580645164]","[2131.886408602151, 2126.014007168459, 2149.5036129032264, 2167.1208172043016, 2190.6104229390685, 2231.717232974911, 2319.8032544802873, 2325.675655913979, 2384.3996702508966, 2437.251283154122, 2484.2304946236563, 2513.592501792115]"
/Users/mariograndi/OneDrive - University of Sussex/PC vesicles (examples)/663 20 min/663 20m_100kV_20kX_0040.jpg,[4096 4096],1.7654,[0.6776938  0.8631068  0.70132333 0.89108974],0.87709827,0.310491435,[0.91098904 0.71976323],[0.91098904 0.71976323 0.68733313 0.64377757],-1.2432876786472313,0.045430489350437225,0.5177443781695643,0.24182184125544545,[0.5 0.2],"[3490.642652329749, 3572.856272401434, 3631.5802867383513, 3666.8146953405017, 3696.1767025089607, 3725.53870967742, 3743.1559139784945, 3766.6455197132614, 3784.262724014337, 3807.752329749104, 3825.3695340501795, 3848.8591397849464, 3860.60394265233, 3854.7315412186385, 3837.114336917563, 3819.4971326164873, 3766.6455197132614, 3684.4318996415773, 3602.2182795698923, 3531.7494623655916, 3467.1530465949822, 3408.4290322580646, 3349.705017921147, 3296.8534050179214, 3238.1293906810038, 3197.0225806451613, 3150.0433691756275, 3120.6813620071684, 3097.1917562724016, 3073.7021505376347, 3067.829749103943, 3061.9573476702512, 3073.7021505376347, 3097.1917562724016, 3120.6813620071684, 3197.0225806451613, 3273.363799283154, 3355.5774193548386]","[3235.897878136201, 3224.1530752688177, 3165.4290609319, 3089.087842293907, 3012.7466236559144, 2895.2985949820795, 2813.0849749103945, 2730.8713548387104, 2642.7853333333337, 2554.6993118279574, 2466.613290322581, 2384.3996702508966, 2296.3136487455204, 2214.1000286738354, 2126.014007168459, 2043.8003870967746, 1979.2039713261652, 1961.58676702509, 1955.7143655913983, 1996.8211756272408, 2049.6727885304663, 2108.396802867384, 2172.9932186379933, 2237.5896344086027, 2313.9308530465955, 2384.3996702508966, 2454.8684874551977, 2537.0821075268823, 2619.295727598567, 2771.9781648745525, 2860.0641863799287, 2942.2778064516133, 3024.491426523298, 3106.7050465949824, 3188.9186666666674, 3224.1530752688177, 3253.5150824372763, 3271.1322867383515]","[3743.1559139784945, 3725.53870967742, 3731.411111111111, 3696.1767025089607, 3666.8146953405017, 3631.5802867383513, 3572.856272401434]","[2813.0849749103945, 2895.2985949820795, 2948.150207885305, 3012.7466236559144, 3089.087842293907, 3165.4290609319, 3224.1530752688177]"
/Users/mariograndi/OneDrive - University of Sussex/PC vesicles (examples)/663 20 min/663 20m_100kV_20kX_0040.jpg,[4096 4096],1.7654,[0.4789112 0.9000736 0.4972448 0.9193589],0.90971625,0.511922,[0.91098904 0.71976323],[0.91098904 0.71976323 0.68733313 0.64377757],-1.2432876786472313,0.23168873043555774,0.7189609645077499,0.27573482575853986,[0.5 0.2],"[3490.642652329749, 3572.856272401434, 3631.5802867383513, 3666.8146953405017, 3696.1767025089607, 3725.53870967742, 3743.1559139784945, 3766.6455197132614, 3784.262724014337, 3807.752329749104, 3825.3695340501795, 3848.8591397849464, 3860.60394265233, 3854.7315412186385, 3837.114336917563, 3819.4971326164873, 3766.6455197132614, 3684.4318996415773, 3602.2182795698923, 3531.7494623655916, 3467.1530465949822, 3408.4290322580646, 3349.705017921147, 3296.8534050179214, 3238.1293906810038, 3197.0225806451613, 3150.0433691756275, 3120.6813620071684, 3097.1917562724016, 3073.7021505376347, 3067.829749103943, 3061.9573476702512, 3073.7021505376347, 3097.1917562724016, 3120.6813620071684, 3197.0225806451613, 3273.363799283154, 3355.5774193548386]","[3235.897878136201, 3224.1530752688177, 3165.4290609319, 3089.087842293907, 3012.7466236559144, 2895.2985949820795, 2813.0849749103945, 2730.8713548387104, 2642.7853333333337, 2554.6993118279574, 2466.613290322581, 2384.3996702508966, 2296.3136487455204, 2214.1000286738354, 2126.014007168459, 2043.8003870967746, 1979.2039713261652, 1961.58676702509, 1955.7143655913983, 1996.8211756272408, 2049.6727885304663, 2108.396802867384, 2172.9932186379933, 2237.5896344086027, 2313.9308530465955, 2384.3996702508966, 2454.8684874551977, 2537.0821075268823, 2619.295727598567, 2771.9781648745525, 2860.0641863799287, 2942.2778064516133, 3024.491426523298, 3106.7050465949824, 3188.9186666666674, 3224.1530752688177, 3253.5150824372763, 3271.1322867383515]","[3743.1559139784945, 3725.53870967742, 3731.411111111111, 3696.1767025089607, 3666.8146953405017, 3631.5802867383513, 3572.856272401434]","[2813.0849749103945, 2895.2985949820795, 2948.150207885305, 3012.7466236559144, 3089.087842293907, 3165.4290609319, 3224.1530752688177]"
/Users/mariograndi/OneDrive - University of Sussex/PC vesicles (examples)/663 20 min/663 20m_100kV_20kX_0040.jpg,[4096 4096],1.7654,[0.71469563 0.8095244  0.7379535  0.8313656 ],0.8204450000000001,0.2736754349999999,[0.91098904 0.71976323],[0.91098904 0.71976323 0.68733313 0.64377757],-1.2432876786472313,0.09078146498090099,0.46466075674983637,0.2836206450022022,[0.5 0.2],"[3490.642652329749, 3572.856272401434, 3631.5802867383513, 3666.8146953405017, 3696.1767025089607, 3725.53870967742, 3743.1559139784945, 3766.6455197132614, 3784.262724014337, 3807.752329749104, 3825.3695340501795, 3848.8591397849464, 3860.60394265233, 3854.7315412186385, 3837.114336917563, 3819.4971326164873, 3766.6455197132614, 3684.4318996415773, 3602.2182795698923, 3531.7494623655916, 3467.1530465949822, 3408.4290322580646, 3349.705017921147, 3296.8534050179214, 3238.1293906810038, 3197.0225806451613, 3150.0433691756275, 3120.6813620071684, 3097.1917562724016, 3073.7021505376347, 3067.829749103943, 3061.9573476702512, 3073.7021505376347, 3097.1917562724016, 3120.6813620071684, 3197.0225806451613, 3273.363799283154, 3355.5774193548386]","[3235.897878136201, 3224.1530752688177, 3165.4290609319, 3089.087842293907, 3012.7466236559144, 2895.2985949820795, 2813.0849749103945, 2730.8713548387104, 2642.7853333333337, 2554.6993118279574, 2466.613290322581, 2384.3996702508966, 2296.3136487455204, 2214.1000286738354, 2126.014007168459, 2043.8003870967746, 1979.2039713261652, 1961.58676702509, 1955.7143655913983, 1996.8211756272408, 2049.6727885304663, 2108.396802867384, 2172.9932186379933, 2237.5896344086027, 2313.9308530465955, 2384.3996702508966, 2454.8684874551977, 2537.0821075268823, 2619.295727598567, 2771.9781648745525, 2860.0641863799287, 2942.2778064516133, 3024.491426523298, 3106.7050465949824, 3188.9186666666674, 3224.1530752688177, 3253.5150824372763, 3271.1322867383515]","[3743.1559139784945, 3725.53870967742, 3731.411111111111, 3696.1767025089607, 3666.8146953405017, 3631.5802867383513, 3572.856272401434]","[2813.0849749103945, 2895.2985949820795, 2948.150207885305, 3012.7466236559144, 3089.087842293907, 3165.4290609319, 3224.1530752688177]"
/Users/mariograndi/OneDrive - University of Sussex/PC vesicles (examples)/663 20 min/663 20m_100kV_20kX_0040.jpg,[4096 4096],1.7654,[0.6254635  0.88525707 0.6429064  0.90314835],0.8942027100000001,0.36581505000000003,[0.91098904 0.71976323],[0.91098904 0.71976323 0.68733313 0.64377757],-1.2432876786472313,0.0872090801089892,0.5756296046307373,0.24342334115259281,[0.5 0.2],"[3490.642652329749, 3572.856272401434, 3631.5802867383513, 3666.8146953405017, 3696.1767025089607, 3725.53870967742, 3743.1559139784945, 3766.6455197132614, 3784.262724014337, 3807.752329749104, 3825.3695340501795, 3848.8591397849464, 3860.60394265233, 3854.7315412186385, 3837.114336917563, 3819.4971326164873, 3766.6455197132614, 3684.4318996415773, 3602.2182795698923, 3531.7494623655916, 3467.1530465949822, 3408.4290322580646, 3349.705017921147, 3296.8534050179214, 3238.1293906810038, 3197.0225806451613, 3150.0433691756275, 3120.6813620071684, 3097.1917562724016, 3073.7021505376347, 3067.829749103943, 3061.9573476702512, 3073.7021505376347, 3097.1917562724016, 3120.6813620071684, 3197.0225806451613, 3273.363799283154, 3355.5774193548386]","[3235.897878136201, 3224.1530752688177, 3165.4290609319, 3089.087842293907, 3012.7466236559144, 2895.2985949820795, 2813.0849749103945, 2730.8713548387104, 2642.7853333333337, 2554.6993118279574, 2466.613290322581, 2384.3996702508966, 2296.3136487455204, 2214.1000286738354, 2126.014007168459, 2043.8003870967746, 1979.2039713261652, 1961.58676702509, 1955.7143655913983, 1996.8211756272408, 2049.6727885304663, 2108.396802867384, 2172.9932186379933, 2237.5896344086027, 2313.9308530465955, 2384.3996702508966, 2454.8684874551977, 2537.0821075268823, 2619.295727598567, 2771.9781648745525, 2860.0641863799287, 2942.2778064516133, 3024.491426523298, 3106.7050465949824, 3188.9186666666674, 3224.1530752688177, 3253.5150824372763, 3271.1322867383515]","[3743.1559139784945, 3725.53870967742, 3731.411111111111, 3696.1767025089607, 3666.8146953405017, 3631.5802867383513, 3572.856272401434]","[2813.0849749103945, 2895.2985949820795, 2948.150207885305, 3012.7466236559144, 3089.087842293907, 3165.4290609319, 3224.1530752688177]"
/Users/mariograndi/OneDrive - University of Sussex/PC vesicles (examples)/663 20 min/663 20m_100kV_20kX_0040.jpg,[4096 4096],1.7654,[0.6035116  0.78622425 0.6263226  0.8158796 ],0.801051925,0.3850829,[0.91098904 0.71976323],[0.91098904 0.71976323 0.68733313 0.64377757],-1.2432876786472313,0.15191735028503506,0.5639080853824026,0.3378210359139039,[0.5 0.2],"[3490.642652329749, 3572.856272401434, 3631.5802867383513, 3666.8146953405017, 3696.1767025089607, 3725.53870967742, 3743.1559139784945, 3766.6455197132614, 3784.262724014337, 3807.752329749104, 3825.3695340501795, 3848.8591397849464, 3860.60394265233, 3854.7315412186385, 3837.114336917563, 3819.4971326164873, 3766.6455197132614, 3684.4318996415773, 3602.2182795698923, 3531.7494623655916, 3467.1530465949822, 3408.4290322580646, 3349.705017921147, 3296.8534050179214, 3238.1293906810038, 3197.0225806451613, 3150.0433691756275, 3120.6813620071684, 3097.1917562724016, 3073.7021505376347, 3067.829749103943, 3061.9573476702512, 3073.7021505376347, 3097.1917562724016, 3120.6813620071684, 3197.0225806451613, 3273.363799283154, 3355.5774193548386]","[3235.897878136201, 3224.1530752688177, 3165.4290609319, 3089.087842293907, 3012.7466236559144, 2895.2985949820795, 2813.0849749103945, 2730.8713548387104, 2642.7853333333337, 2554.6993118279574, 2466.613290322581, 2384.3996702508966, 2296.3136487455204, 2214.1000286738354, 2126.014007168459, 2043.8003870967746, 1979.2039713261652, 1961.58676702509, 1955.7143655913983, 1996.8211756272408, 2049.6727885304663, 2108.396802867384, 2172.9932186379933, 2237.5896344086027, 2313.9308530465955, 2384.3996702508966, 2454.8684874551977, 2537.0821075268823, 2619.295727598567, 2771.9781648745525, 2860.0641863799287, 2942.2778064516133, 3024.491426523298, 3106.7050465949824, 3188.9186666666674, 3224.1530752688177, 3253.5150824372763, 3271.1322867383515]","[3743.1559139784945, 3725.53870967742, 3731.411111111111, 3696.1767025089607, 3666.8146953405017, 3631.5802867383513, 3572.856272401434]","[2813.0849749103945, 2895.2985949820795, 2948.150207885305, 3012.7466236559144, 3089.087842293907, 3165.4290609319, 3224.1530752688177]"
/Users/mariograndi/OneDrive - University of Sussex/PC vesicles (examples)/663 20 min/663 20m_100kV_20kX_0040.jpg,[4096 4096],1.7654,[0.5911947  0.94043964 0.60769206 0.957087  ],0.9487633200000001,0.40055662000000003,[0.91098904 0.71976323],[0.91098904 0.71976323 0.68733313 0.64377757],-1.2432876786472313,0.12611012457081858,0.626075881282696,0.20293865242227105,[0.5 0.2],"[3490.642652329749, 3572.856272401434, 3631.5802867383513, 3666.8146953405017, 3696.1767025089607, 3725.53870967742, 3743.1559139784945, 3766.6455197132614, 3784.262724014337, 3807.752329749104, 3825.3695340501795, 3848.8591397849464, 3860.60394265233, 3854.7315412186385, 3837.114336917563, 3819.4971326164873, 3766.6455197132614, 3684.4318996415773, 3602.2182795698923, 3531.7494623655916, 3467.1530465949822, 3408.4290322580646, 3349.705017921147, 3296.8534050179214, 3238.1293906810038, 3197.0225806451613, 3150.0433691756275, 3120.6813620071684, 3097.1917562724016, 3073.7021505376347, 3067.829749103943, 3061.9573476702512, 3073.7021505376347, 3097.1917562724016, 3120.6813620071684, 3197.0225806451613, 3273.363799283154, 3355.5774193548386]","[3235.897878136201, 3224.1530752688177, 3165.4290609319, 3089.087842293907, 3012.7466236559144, 2895.2985949820795, 2813.0849749103945, 2730.8713548387104, 2642.7853333333337, 2554.6993118279574, 2466.613290322581, 2384.3996702508966, 2296.3136487455204, 2214.1000286738354, 2126.014007168459, 2043.8003870967746, 1979.2039713261652, 1961.58676702509, 1955.7143655913983, 1996.8211756272408, 2049.6727885304663, 2108.396802867384, 2172.9932186379933, 2237.5896344086027, 2313.9308530465955, 2384.3996702508966, 2454.8684874551977, 2537.0821075268823, 2619.295727598567, 2771.9781648745525, 2860.0641863799287, 2942.2778064516133, 3024.491426523298, 3106.7050465949824, 3188.9186666666674, 3224.1530752688177, 3253.5150824372763, 3271.1322867383515]","[3743.1559139784945, 3725.53870967742, 3731.411111111111, 3696.1767025089607, 3666.8146953405017, 3631.5802867383513, 3572.856272401434]","[2813.0849749103945, 2895.2985949820795, 2948.150207885305, 3012.7466236559144, 3089.087842293907, 3165.4290609319, 3224.1530752688177]"
/Users/mariograndi/OneDrive - University of Sussex/PC vesicles (examples)/663 20 min/663 20m_100kV_20kX_0040.jpg,[4096 4096],1.7654,[0.6894934  0.80034274 0.717515   0.8283668 ],0.81435477,0.2964958,[0.91098904 0.71976323],[0.91098904 0.71976323 0.68733313 0.64377757],-1.2432876786472313,0.0979925430360707,0.48430900806338884,0.29672813066901155,[0.5 0.2],"[3490.642652329749, 3572.856272401434, 3631.5802867383513, 3666.8146953405017, 3696.1767025089607, 3725.53870967742, 3743.1559139784945, 3766.6455197132614, 3784.262724014337, 3807.752329749104, 3825.3695340501795, 3848.8591397849464, 3860.60394265233, 3854.7315412186385, 3837.114336917563, 3819.4971326164873, 3766.6455197132614, 3684.4318996415773, 3602.2182795698923, 3531.7494623655916, 3467.1530465949822, 3408.4290322580646, 3349.705017921147, 3296.8534050179214, 3238.1293906810038, 3197.0225806451613, 3150.0433691756275, 3120.6813620071684, 3097.1917562724016, 3073.7021505376347, 3067.829749103943, 3061.9573476702512, 3073.7021505376347, 3097.1917562724016, 3120.6813620071684, 3197.0225806451613, 3273.363799283154, 3355.5774193548386]","[3235.897878136201, 3224.1530752688177, 3165.4290609319, 3089.087842293907, 3012.7466236559144, 2895.2985949820795, 2813.0849749103945, 2730.8713548387104, 2642.7853333333337, 2554.6993118279574, 2466.613290322581, 2384.3996702508966, 2296.3136487455204, 2214.1000286738354, 2126.014007168459, 2043.8003870967746, 1979.2039713261652, 1961.58676702509, 1955.7143655913983, 1996.8211756272408, 2049.6727885304663, 2108.396802867384, 2172.9932186379933, 2237.5896344086027, 2313.9308530465955, 2384.3996702508966, 2454.8684874551977, 2537.0821075268823, 2619.295727598567, 2771.9781648745525, 2860.0641863799287, 2942.2778064516133, 3024.491426523298, 3106.7050465949824, 3188.9186666666674, 3224.1530752688177, 3253.5150824372763, 3271.1322867383515]","[3743.1559139784945, 3725.53870967742, 3731.411111111111, 3696.1767025089607, 3666.8146953405017, 3631.5802867383513, 3572.856272401434]","[2813.0849749103945, 2895.2985949820795, 2948.150207885305, 3012.7466236559144, 3089.087842293907, 3165.4290609319, 3224.1530752688177]"
